date,game_id,earnings,players,tournaments
2013-07-01,84,425214,195,18
2013-07-01,657,3500,5,1
2013-08-01,84,2903395.79,95,7
2013-08-01,657,19972.38,20,1
2013-08-01,78,60,4,2
2013-09-01,84,37813.44,82,13
2013-09-01,657,20000,0,1
2013-09-01,67,0,8,1
2013-10-01,84,64237.32,55,6
2013-10-01,471,25,1,1
2013-11-01,84,484692.96,132,17
2013-11-01,45,58195,41,7
2013-11-01,30,15408.65,20,2
2013-11-01,471,1370.34,2,2
2013-11-01,67,0,4,1
2013-12-01,84,249285.08,227,14
2013-12-01,45,10554.3,31,7
2014-01-01,84,537172.02,62,9
2014-01-01,45,29025,29,5
2014-01-01,471,21067.79,14,4
2014-01-01,148,740,6,1
2014-01-01,30,544.79,16,4
2014-01-01,193,478.39,3,1
2014-02-01,84,109103.95,80,9
2014-02-01,45,21275,24,7
2014-02-01,471,8445.54,16,10
2014-02-01,30,1225.25,11,5
2014-03-01,45,1030131.5,44,6
2014-03-01,657,217909.6,40,1
2014-03-01,84,39847.26,49,5
2014-03-01,471,30109.94,21,13
2014-03-01,30,28901.55,26,6
2014-03-01,193,723.17,3,1
2014-03-01,78,500,3,1
2014-03-01,148,70,17,3
2014-03-01,67,0,16,2
2014-04-01,84,611868.16,216,20
2014-04-01,45,37433.26,44,7
2014-04-01,471,34203.2,32,13
2014-04-01,657,10000,10,1
2014-04-01,30,7555.3,41,8
2014-04-01,148,30,17,3
2014-04-01,67,0,8,1
2014-04-01,78,0,4,1
2014-05-01,45,53419.81,71,10
2014-05-01,84,50002.17,101,7
2014-05-01,471,36186.6,28,16
2014-05-01,657,35000,5,1
2014-05-01,30,28562.48,25,5
2014-05-01,193,1822.4,0,1
2014-05-01,67,0,8,1
2014-05-01,148,0,8,1
2014-06-01,84,1153704.61,210,19
2014-06-01,45,103415.72,68,7
2014-06-01,471,47931.47,43,13
2014-06-01,148,8180,5,2
2014-06-01,30,1361.73,16,6
2014-06-01,78,1200,3,1
2014-07-01,84,10942434.87,131,9
2014-07-01,471,79474.3,48,15
2014-07-01,657,50000,15,1
2014-07-01,219,29410.25,4,1
2014-07-01,45,21323.52,32,5
2014-07-01,148,13379.8,8,1
2014-07-01,30,1222.28,15,5
2014-08-01,45,85471.31,33,7
2014-08-01,657,50000,19,1
2014-08-01,84,42422.07,87,8
2014-08-01,471,28650.81,38,21
2014-08-01,30,27834.24,28,6
2014-09-01,84,653064.9,160,13
2014-09-01,471,170246.05,83,19
2014-09-01,657,35000,20,1
2014-09-01,45,1960,0,2
2014-09-01,30,1161.12,15,5
2014-09-01,434,128.87,1,1
2014-10-01,84,1006807.68,201,14
2014-10-01,471,277930.52,63,18
2014-10-01,45,107643.47,32,4
2014-10-01,30,2938.74,15,6
2014-10-01,434,1329.79,10,17
2014-10-01,67,0,8,1
2014-10-01,148,0,8,1
2014-10-01,207,0,8,1
2014-11-01,84,391651.25,163,9
2014-11-01,471,305478.17,47,17
2014-11-01,657,100000,60,3
2014-11-01,349,84906.71,96,21
2014-11-01,30,25903.75,20,6
2014-11-01,45,25000,12,1
2014-11-01,434,10120.22,22,22
2014-11-01,948,1300,5,4
2014-11-01,144,0,3,1
2014-12-01,84,1070101.65,302,28
2014-12-01,471,83520.79,88,18
2014-12-01,349,42041.1,84,19
2014-12-01,948,12957.5,42,15
2014-12-01,45,9337.36,32,1
2014-12-01,434,3230.02,20,15
2014-12-01,30,1111.95,20,5
2015-01-01,657,2612259,40,1
2015-01-01,84,345579.13,200,15
2015-01-01,349,63413.65,83,22
2015-01-01,471,62720.15,19,5
2015-01-01,948,18039.14,56,14
2015-01-01,434,1221.81,13,15
2015-01-01,30,1055.59,17,5
2015-02-01,84,3088520.01,142,8
2015-02-01,349,129276.62,160,30
2015-02-01,471,47060.65,63,17
2015-02-01,948,16649.66,77,18
2015-02-01,434,2583.37,31,28
2015-02-01,148,1080,6,2
2015-02-01,30,1027.4,15,5
2015-02-01,577,391.9,3,1
2015-02-01,207,210,3,1
2015-03-01,349,1048225.17,156,37
2015-03-01,471,183585.26,107,27
2015-03-01,84,143801.15,153,14
2015-03-01,948,44523.46,110,27
2015-03-01,434,10292.74,32,39
2015-03-01,30,7594.2,21,7
2015-03-01,901,648.76,20,4
2015-03-01,657,496.69,20,4
2015-03-01,148,0,8,1
2015-03-01,207,0,8,1
2015-04-01,84,321125.48,235,30
2015-04-01,471,124414,83,23
2015-04-01,657,93134.52,72,7
2015-04-01,349,74415.6,132,24
2015-04-01,948,45710.39,129,29
2015-04-01,30,42353.29,40,6
2015-04-01,434,16608.94,39,32
2015-04-01,1037,7670,13,4
2015-04-01,577,1765.26,0,1
2015-04-01,901,1027.65,31,5
2015-04-01,148,0,8,1
2015-04-01,207,0,8,1
2015-05-01,84,1149751.95,317,29
2015-05-01,349,188798.48,205,43
2015-05-01,471,162151.36,103,26
2015-05-01,948,78853.31,112,25
2015-05-01,434,36936.96,48,39
2015-05-01,901,16227.6,48,8
2015-05-01,1037,14345.27,19,6
2015-05-01,800,13463.28,20,1
2015-05-01,148,11175.27,11,2
2015-05-01,30,1119.86,15,6
2015-05-01,78,700,3,1
2015-05-01,207,380,3,1
2015-05-01,657,134.44,5,1
2015-06-01,84,1071907.2,258,22
2015-06-01,471,176823.5,106,29
2015-06-01,948,149236.98,215,29
2015-06-01,349,145722.98,298,47
2015-06-01,657,128000,59,3
2015-06-01,901,101066.21,39,6
2015-06-01,604,26544.76,3,1
2015-06-01,434,25173.42,39,36
2015-06-01,1037,19661.46,20,7
2015-06-01,148,15950,8,1
2015-06-01,30,1011.14,15,5
2015-06-01,207,550,6,2
2015-06-01,78,410,3,1
2015-07-01,84,583115.71,264,18
2015-07-01,948,275935.67,278,36
2015-07-01,657,177747.02,46,5
2015-07-01,1037,163481.91,23,8
2015-07-01,471,151333.71,110,37
2015-07-01,349,95374.72,203,41
2015-07-01,148,53970,8,1
2015-07-01,1188,34580,8,1
2015-07-01,434,14788.33,34,36
2015-07-01,207,14370,8,1
2015-07-01,30,8043.3,41,7
2015-07-01,577,1000,0,1
2015-07-01,901,660.28,26,4
2015-07-01,1774,300,6,1
2015-08-01,84,18463252.88,196,16
2015-08-01,948,373748.34,280,32
2015-08-01,471,239839.5,102,25
2015-08-01,349,190436.47,207,53
2015-08-01,434,18581.85,39,38
2015-08-01,30,13711.31,19,6
2015-08-01,1037,12360.9,19,9
2015-08-01,940,11524,8,1
2015-08-01,1118,1296.91,24,11
2015-08-01,657,1072.06,16,6
2015-08-01,901,824.45,30,5
2015-08-01,148,360,3,1
2015-08-01,1774,250,3,1
2015-08-01,207,180,3,1
2015-08-01,1154,50,0,1
2015-09-01,471,283534.62,38,10
2015-09-01,349,269077.34,191,37
2015-09-01,948,165406.12,164,16
2015-09-01,84,146011.16,175,12
2015-09-01,1188,21300,6,1
2015-09-01,1118,2796.14,19,14
2015-09-01,434,2535.31,29,30
2015-09-01,932,2000,4,1
2015-09-01,1037,1490,6,2
2015-09-01,30,1013.97,10,5
2015-09-01,1774,450,8,3
2015-09-01,657,409.49,10,4
2015-09-01,148,140,2,1
2015-10-01,84,728072.42,211,18
2015-10-01,948,308219.66,230,23
2015-10-01,349,278813.96,188,28
2015-10-01,471,163549.2,81,23
2015-10-01,657,72335.51,72,5
2015-10-01,1037,13461.9,13,3
2015-10-01,901,11054.1,15,1
2015-10-01,1118,7839.48,41,20
2015-10-01,30,4383.02,30,6
2015-10-01,932,2000,4,1
2015-10-01,1774,1600,46,2
2015-10-01,911,1035.18,11,4
2015-10-01,434,842.36,10,4
2015-10-01,1097,838.5,8,13
2015-10-01,1154,720,3,1
2015-10-01,207,670,8,1
2015-10-01,1055,464,3,1
2015-10-01,148,340,3,1
2015-11-01,84,3523821.23,285,22
2015-11-01,948,622759.75,189,24
2015-11-01,657,573500,115,5
2015-11-01,471,394940.51,68,15
2015-11-01,828,56360.12,81,9
2015-11-01,911,15920.5,10,4
2015-11-01,940,10400,15,3
2015-11-01,1118,5231.95,41,20
2015-11-01,932,2000,4,1
2015-11-01,349,1306.13,21,3
2015-11-01,30,1081.8,12,6
2015-11-01,1097,843,9,15
2015-11-01,1542,760,37,5
2015-11-01,1037,450.99,3,1
2015-11-01,1774,300,8,3
2015-11-01,207,168.16,3,1
2015-11-01,148,122.3,3,1
2015-12-01,84,1471862.14,294,23
2015-12-01,471,382631.27,85,14
2015-12-01,948,357887.2,145,16
2015-12-01,657,50000,30,1
2015-12-01,1188,41334.27,3,1
2015-12-01,828,21237.33,85,14
2015-12-01,1118,6812.08,42,14
2015-12-01,940,6566.94,21,3
2015-12-01,911,5751.43,12,3
2015-12-01,1542,2560,24,5
2015-12-01,30,988.09,14,5
2015-12-01,1774,810,11,3
2015-12-01,1097,672,7,12
2015-12-01,148,90,3,1
2016-01-01,657,1175000,90,2
2016-01-01,84,684021.02,196,14
2016-01-01,471,302580.64,93,9
2016-01-01,948,202029.09,118,14
2016-01-01,1037,112310,8,3
2016-01-01,940,85502.63,66,15
2016-01-01,927,60000,16,1
2016-01-01,148,30830,33,3
2016-01-01,932,30400,16,2
2016-01-01,828,7516.92,36,9
2016-01-01,911,5456.26,17,2
2016-01-01,1118,2362.19,32,15
2016-01-01,1097,838.5,7,15
2016-01-01,1188,800,3,1
2016-01-01,1154,620,0,1
2016-01-01,30,546.05,5,1
2016-01-01,207,490,3,1
2016-01-01,78,180,3,1
2016-01-01,1774,138.08,5,3
2016-02-01,84,259451.93,203,19
2016-02-01,828,181566,176,9
2016-02-01,940,145000,80,4
2016-02-01,471,136660.22,81,16
2016-02-01,948,130800,91,7
2016-02-01,911,8312.2,14,4
2016-02-01,1542,3247.45,61,11
2016-02-01,1118,3173.96,36,13
2016-02-01,1638,2605,15,4
2016-02-01,1774,1022.27,13,4
2016-02-01,1097,673,7,12
2016-02-01,1037,80,6,2
2016-03-01,84,3242298.94,171,13
2016-03-01,940,2504265.8,75,2
2016-03-01,828,432254.16,145,7
2016-03-01,948,376301.21,176,11
2016-03-01,471,308347.01,64,10
2016-03-01,1638,61917.15,33,13
2016-03-01,911,35097.65,9,3
2016-03-01,1118,11994.05,57,18
2016-03-01,1542,9140.12,62,13
2016-03-01,30,2637,15,1
2016-03-01,1037,2565,13,6
2016-03-01,1774,1360,16,4
2016-03-01,1055,1120,3,1
2016-03-01,148,860,6,2
2016-03-01,1097,391.5,6,7
2016-03-01,1188,320,3,1
2016-03-01,1091,230,3,1
2016-04-01,948,611038,105,6
2016-04-01,84,450127.1,168,14
2016-04-01,828,309329.68,80,6
2016-04-01,927,60000,24,1
2016-04-01,471,32398.58,56,8
2016-04-01,1325,15000,2,1
2016-04-01,1542,9705.99,53,12
2016-04-01,1118,9052.46,76,30
2016-04-01,1638,8695,25,10
2016-04-01,657,7796.95,30,3
2016-04-01,1188,3000,8,1
2016-04-01,1774,1111.32,7,6
2016-04-01,1523,1000,0,1
2016-04-01,1037,659.29,6,3
2016-04-01,1672,566.91,3,1
2016-04-01,911,398.83,3,1
2016-04-01,1097,336,4,6
2016-04-01,1091,80,3,1
2016-04-01,148,50,3,1
2016-05-01,84,1054186.63,215,10
2016-05-01,948,406226.8,163,9
2016-05-01,471,241970.21,132,19
2016-05-01,828,67971.6,92,4
2016-05-01,1638,52299.28,47,11
2016-05-01,911,35904.69,16,4
2016-05-01,1542,26397.62,96,11
2016-05-01,1096,25995.57,3,1
2016-05-01,1118,18665.7,90,33
2016-05-01,657,14040,31,2
2016-05-01,1037,12935.7,17,4
2016-05-01,940,7971.6,12,1
2016-05-01,1188,5643.68,14,3
2016-05-01,1774,3260,63,5
2016-05-01,148,1530,10,2
2016-05-01,207,290,6,2
2016-05-01,1091,160.17,4,1
2016-06-01,84,3319441.92,140,5
2016-06-01,948,772400,119,3
2016-06-01,471,306510.07,67,13
2016-06-01,657,300000,114,3
2016-06-01,1037,200000,8,1
2016-06-01,828,116026,97,3
2016-06-01,2417,100000,20,1
2016-06-01,1542,60633.61,98,26
2016-06-01,1638,38370,11,2
2016-06-01,1091,17490,16,2
2016-06-01,1118,6300.32,77,30
2016-06-01,1188,5560,8,1
2016-06-01,1774,2350,26,5
2016-06-01,148,1150,8,1
2016-06-01,1096,232.2,3,1
2016-07-01,84,1309745.81,340,20
2016-07-01,828,560540,106,7
2016-07-01,940,293000,49,3
2016-07-01,471,192870.13,90,11
2016-07-01,1542,156328.29,326,41
2016-07-01,948,133192,91,3
2016-07-01,1638,116070,13,2
2016-07-01,1325,99750.27,4,1
2016-07-01,1277,90024,10,1
2016-07-01,927,50000,32,1
2016-07-01,657,38300,72,4
2016-07-01,1091,21800,8,1
2016-07-01,148,20460,8,1
2016-07-01,1118,18049.29,91,35
2016-07-01,1188,5490,8,1
2016-07-01,1774,3899.82,33,10
2016-07-01,911,1155.52,5,2
2016-07-01,1096,245.86,3,1
2016-08-01,84,20858599.5,160,6
2016-08-01,948,328520,110,3
2016-08-01,1542,163282.62,221,30
2016-08-01,471,127879.57,64,8
2016-08-01,828,106940.2,44,3
2016-08-01,1118,69281.7,83,28
2016-08-01,1687,46235.07,5,1
2016-08-01,657,43520,60,3
2016-08-01,1638,8360,20,5
2016-08-01,911,4814.28,8,1
2016-08-01,1188,3000,8,1
2016-08-01,1774,1982.66,24,8
2016-08-01,1523,1000,0,1
2016-08-01,1096,516.31,6,2
2016-08-01,1091,355,4,2
2016-09-01,828,2008322.22,139,2
2016-09-01,1542,379570.85,271,28
2016-09-01,471,260290.8,78,10
2016-09-01,84,208035.2,157,9
2016-09-01,948,135836,70,4
2016-09-01,1118,65252.16,117,41
2016-09-01,1638,37771.42,26,4
2016-09-01,1774,6367.94,37,11
2016-09-01,1760,1584.2,5,2
2016-09-01,1037,500,3,1
2016-09-01,1096,253.9,3,1
2016-09-01,1091,50,1,1
2016-10-01,84,645307.65,231,14
2016-10-01,1542,371307.85,363,29
2016-10-01,948,267606,125,5
2016-10-01,471,170465.17,63,11
2016-10-01,1638,146793.77,41,6
2016-10-01,828,60484.9,64,4
2016-10-01,940,53750,51,6
2016-10-01,1118,34486.03,128,49
2016-10-01,1418,28415,40,6
2016-10-01,657,24035.09,40,3
2016-10-01,1403,15000,4,1
2016-10-01,1097,12400,9,2
2016-10-01,1325,10109.29,6,3
2016-10-01,1188,8244.56,14,2
2016-10-01,1774,6439,49,9
2016-10-01,2417,4000,6,1
2016-10-01,30,2887.63,20,1
2016-10-01,810,2836.51,11,2
2016-10-01,1564,1875.3,8,2
2016-10-01,148,599.59,6,2
2016-10-01,207,470,3,1
2016-10-01,1760,359.36,13,4
2016-10-01,1055,260,3,1
2016-10-01,1091,216.49,3,1
2016-11-01,471,1107696.94,63,9
2016-11-01,948,1000400,70,3
2016-11-01,84,764842.75,286,17
2016-11-01,1542,377891.9,429,29
2016-11-01,1418,317870,70,8
2016-11-01,1118,125295.66,143,48
2016-11-01,940,106000,37,3
2016-11-01,1325,73000,16,1
2016-11-01,1638,52647.26,30,5
2016-11-01,1774,51000,22,3
2016-11-01,1188,41337.49,17,4
2016-11-01,657,35550,20,1
2016-11-01,1403,15305.99,13,3
2016-11-01,1097,12400,9,2
2016-11-01,1760,5013.48,39,16
2016-11-01,911,4555.07,8,1
2016-11-01,922,4050,29,6
2016-11-01,1037,1080,2,1
2016-11-01,1564,1024.93,10,3
2016-12-01,84,4667978.88,268,12
2016-12-01,1542,461236.07,447,38
2016-12-01,1638,360000,8,1
2016-12-01,948,300000,40,1
2016-12-01,471,298307.95,136,19
2016-12-01,1277,268305.5,25,1
2016-12-01,940,217000,32,2
2016-12-01,1418,155000,40,2
2016-12-01,1118,144792.24,109,48
2016-12-01,175,143490,0,1
2016-12-01,1315,125020.99,56,4
2016-12-01,922,35800,16,1
2016-12-01,1325,31000,8,1
2016-12-01,828,11234.16,24,1
2016-12-01,1097,6416,4,5
2016-12-01,1760,5924.7,28,16
2016-12-01,1188,5203.81,3,1
2016-12-01,1564,1797.48,16,6
2016-12-01,2417,450,15,1
2017-01-01,84,1943033.97,201,11
2017-01-01,657,1150000,60,2
2017-01-01,471,526650.14,116,15
2017-01-01,1542,231537,327,29
2017-01-01,2417,150000,40,1
2017-01-01,1418,102000,45,5
2017-01-01,948,82080,28,1
2017-01-01,940,52000,45,3
2017-01-01,1315,45466.7,52,3
2017-01-01,1118,13269.65,117,63
2017-01-01,1403,12955.2,9,3
2017-01-01,1638,5160,13,3
2017-01-01,810,1660,11,2
2017-01-01,1760,1163.87,13,5
2017-01-01,1774,1060,6,3
2017-01-01,1091,1010,9,3
2017-01-01,148,1000,5,2
2017-01-01,1097,282.5,2,5
2017-01-01,78,240,3,1
2017-01-01,700,221,3,1
2017-01-01,207,190,3,1
2017-02-01,1403,340561.57,42,10
2017-02-01,84,339752.25,111,7
2017-02-01,1315,313055.2,82,9
2017-02-01,1118,82139.07,143,72
2017-02-01,471,80730.29,41,10
2017-02-01,1542,70594.81,303,33
2017-02-01,940,46000,36,3
2017-02-01,1564,40000,4,1
2017-02-01,948,30800,58,3
2017-02-01,1760,11228.23,28,8
2017-02-01,1325,5000,4,1
2017-02-01,1097,4978.71,2,5
2017-02-01,1418,3500,16,7
2017-02-01,810,3240,4,1
2017-02-01,1774,2500,35,4
2017-02-01,1638,307.83,8,1
2017-03-01,940,1050000,52,2
2017-03-01,471,422424.53,69,7
2017-03-01,1315,277852.98,127,10
2017-03-01,948,237891.35,80,3
2017-03-01,1542,108385.88,471,32
2017-03-01,84,65944,120,13
2017-03-01,657,45000,30,1
2017-03-01,1638,35424.09,25,4
2017-03-01,148,30000,32,1
2017-03-01,1118,20872.97,111,56
2017-03-01,1403,4500,3,1
2017-03-01,1418,4000,10,8
2017-03-01,1774,3500,34,5
2017-03-01,2417,2762.75,36,6
2017-03-01,1760,1170.24,6,5
2017-03-01,1097,226,1,4
2017-04-01,84,3800394.59,319,19
2017-04-01,1542,317627.56,427,38
2017-04-01,1403,242390.8,39,11
2017-04-01,1418,205000,70,11
2017-04-01,657,165000,65,2
2017-04-01,471,128480.76,103,14
2017-04-01,1564,120000,12,3
2017-04-01,1118,107405.69,156,57
2017-04-01,1315,104473.16,122,17
2017-04-01,2417,75478.83,60,3
2017-04-01,1638,52585.18,34,7
2017-04-01,948,26095.3,55,3
2017-04-01,922,25000,12,1
2017-04-01,1774,15340.4,62,14
2017-04-01,1277,11808.01,50,1
2017-04-01,1760,1332.78,12,6
2017-04-01,1097,282.5,1,5
2017-04-01,1091,250,5,2
2017-04-01,810,80,3,1
2017-05-01,948,1502538.9,204,7
2017-05-01,1315,746696.38,141,10
2017-05-01,1403,525587.13,51,7
2017-05-01,84,515118.41,245,13
2017-05-01,1638,294184.91,45,7
2017-05-01,471,265317.42,56,8
2017-05-01,1418,103500,50,8
2017-05-01,1118,80132.07,139,37
2017-05-01,940,75000,51,1
2017-05-01,1542,68135.63,255,24
2017-05-01,1924,24160,10,2
2017-05-01,1774,18390,58,10
2017-05-01,657,7900,20,1
2017-05-01,148,6690,8,1
2017-05-01,1325,5499.91,8,1
2017-05-01,1760,4146.59,22,5
2017-05-01,1188,1800,8,1
2017-05-01,810,1610,15,3
2017-05-01,1097,229,2,4
2017-05-01,1091,80,3,1
2017-06-01,84,876130.64,209,10
2017-06-01,1564,350000,3,1
2017-06-01,1418,300000,60,1
2017-06-01,948,250000,60,1
2017-06-01,1315,237200,86,11
2017-06-01,1118,210752.46,100,24
2017-06-01,1542,199238.06,260,27
2017-06-01,922,107750,24,1
2017-06-01,471,82579.63,65,9
2017-06-01,1638,56436.66,28,5
2017-06-01,940,50000,33,1
2017-06-01,1924,24240,11,2
2017-06-01,1403,19322.9,4,2
2017-06-01,1325,15668.02,8,1
2017-06-01,1091,11320,19,3
2017-06-01,1188,7999,14,3
2017-06-01,148,5780,8,1
2017-06-01,1760,3200,11,4
2017-06-01,1774,1440,39,3
2017-06-01,810,760,8,1
2017-06-01,2417,250.88,9,1
2017-06-01,3796,191.44,7,2
2017-06-01,1097,121,2,2
2017-07-01,1542,822189.13,497,25
2017-07-01,1315,789350,147,16
2017-07-01,84,568000.28,243,11
2017-07-01,1277,411824.23,133,3
2017-07-01,471,357510.65,90,10
2017-07-01,948,257039,118,6
2017-07-01,940,200000,64,1
2017-07-01,657,200000,58,2
2017-07-01,1118,144257.27,71,20
2017-07-01,1325,106712.64,20,2
2017-07-01,2417,100000,39,1
2017-07-01,1638,81287.01,18,3
2017-07-01,1924,61300,16,2
2017-07-01,1188,42916,20,4
2017-07-01,810,15000,8,1
2017-07-01,1774,13750,51,8
2017-07-01,2316,12339.33,35,1
2017-07-01,3796,3553.7,15,14
2017-07-01,1091,3320,3,1
2017-07-01,1097,3221.5,10,6
2017-07-01,1748,1195,17,5
2017-07-01,1760,1000,12,1
2017-08-01,84,24824809.87,214,15
2017-08-01,1315,1525400,132,2
2017-08-01,3796,1010259.18,65,10
2017-08-01,1277,403146.24,66,1
2017-08-01,471,347849.16,210,8
2017-08-01,1403,299443.43,31,5
2017-08-01,948,200083.27,81,4
2017-08-01,1542,177033.63,220,22
2017-08-01,1118,135142.86,113,17
2017-08-01,1924,81780,21,5
2017-08-01,1638,37237.06,25,6
2017-08-01,1188,29610,22,5
2017-08-01,1097,23642,22,6
2017-08-01,1091,20455,16,4
2017-08-01,2417,16900,53,3
2017-08-01,1774,11120,55,7
2017-08-01,1366,7000,6,1
2017-08-01,1841,5000,3,1
2017-08-01,810,780,3,1
2017-08-01,2078,300,0,1
2017-08-01,148,130,2,1
2017-08-01,1748,91,5,2
2017-09-01,948,241921.72,114,7
2017-09-01,1924,230874.6,22,5
2017-09-01,1542,182938.46,154,13
2017-09-01,1638,172637.82,55,9
2017-09-01,84,106255.52,130,12
2017-09-01,1512,100000,41,1
2017-09-01,471,93749.47,87,8
2017-09-01,1118,77395.75,74,15
2017-09-01,940,75000,57,2
2017-09-01,1188,34623.08,31,6
2017-09-01,2417,16667.75,59,4
2017-09-01,3796,12164.38,26,8
2017-09-01,1403,7545.61,10,5
2017-09-01,2083,5259.4,8,2
2017-09-01,810,4350,15,3
2017-09-01,1418,3000,20,6
2017-09-01,1970,2930,11,2
2017-09-01,2018,1340,4,1
2017-09-01,1315,368.55,4,1
2017-09-01,207,300,3,1
2017-09-01,148,250,3,1
2017-09-01,609,240,3,1
2017-09-01,1097,163.5,2,1
2017-09-01,1748,50,4,3
2017-10-01,84,1968346.47,306,22
2017-10-01,948,1275000,120,3
2017-10-01,1542,1133563.8,398,19
2017-10-01,471,299704.49,84,11
2017-10-01,1118,280029.76,145,19
2017-10-01,1325,200250,24,1
2017-10-01,940,200000,63,1
2017-10-01,1277,116610,40,1
2017-10-01,1638,106490,38,7
2017-10-01,3796,75820.04,23,4
2017-10-01,1188,72060,41,8
2017-10-01,2417,17766.42,78,4
2017-10-01,1418,7500,36,15
2017-10-01,2018,4809,13,3
2017-10-01,30,2305.53,20,1
2017-10-01,1315,1821.1,16,1
2017-10-01,2083,1252.14,2,2
2017-10-01,1924,1130,9,3
2017-10-01,1970,990,3,1
2017-10-01,810,390,6,2
2017-10-01,1748,261,3,2
2017-10-01,1091,200,1,1
2017-10-01,148,190,3,1
2017-11-01,84,1184832.4,306,19
2017-11-01,948,1041000,161,2
2017-11-01,1277,530785.05,100,6
2017-11-01,1924,250000,16,1
2017-11-01,471,187799.96,111,15
2017-11-01,1118,182088.71,138,20
2017-11-01,2083,176882.44,39,8
2017-11-01,1542,153068.66,195,16
2017-11-01,1325,132414.84,21,3
2017-11-01,1774,100600,43,4
2017-11-01,1188,94225,27,5
2017-11-01,1418,63000,56,9
2017-11-01,1638,60200,18,3
2017-11-01,1783,32354.31,60,15
2017-11-01,3796,29363.57,78,17
2017-11-01,2417,17500,85,3
2017-11-01,1861,15785.15,9,3
2017-11-01,2078,2000,0,1
2017-11-01,1748,695,9,4
2017-11-01,1970,200,3,1
2017-11-01,2018,100,3,1
2017-12-01,84,1881980.92,262,15
2017-12-01,1277,722847.8,129,3
2017-12-01,471,692970.08,117,16
2017-12-01,1325,416450.84,22,2
2017-12-01,1638,413677.5,51,2
2017-12-01,3796,351500,82,17
2017-12-01,1418,303000,70,7
2017-12-01,948,300000,40,1
2017-12-01,1118,259224.39,107,12
2017-12-01,1783,243000,56,11
2017-12-01,1602,120000,24,1
2017-12-01,1970,63630,18,2
2017-12-01,2083,39047.26,16,5
2017-12-01,1188,35700.53,15,4
2017-12-01,1861,28760.4,22,5
2017-12-01,1542,24845.39,58,7
2017-12-01,2417,10500,68,2
2017-12-01,2023,4178.55,2,1
2017-12-01,1924,1704.33,3,1
2017-12-01,2018,1540,3,1
2017-12-01,1748,1100.1,9,3
2017-12-01,810,890,3,1
2017-12-01,1760,300,3,1
2017-12-01,1774,27.3,3,1
2018-01-01,84,1429929.6,216,11
2018-01-01,471,1109486.78,76,11
2018-01-01,657,785000,40,1
2018-01-01,2417,300000,41,1
2018-01-01,1783,210970,57,9
2018-01-01,1418,204500,60,10
2018-01-01,1861,200000,42,3
2018-01-01,1118,62108.02,103,33
2018-01-01,1188,13300,15,4
2018-01-01,940,11250,45,9
2018-01-01,2083,4682.6,12,2
2018-01-01,1542,2297.01,50,8
2018-01-01,3796,2084.39,7,2
2018-01-01,1970,1900,8,1
2018-01-01,810,1040,8,1
2018-01-01,1748,1000,8,1
2018-01-01,1760,750,9,1
2018-01-01,1924,740,8,1
2018-01-01,2018,530,4,2
2018-01-01,148,380,3,1
2018-01-01,609,320,3,1
2018-01-01,78,250,3,1
2018-01-01,1774,15.6,2,1
2018-02-01,84,1470636.47,192,9
2018-02-01,948,281207.26,64,3
2018-02-01,1542,202003.51,225,14
2018-02-01,1783,103297.43,56,10
2018-02-01,940,94500,68,11
2018-02-01,471,78830,67,8
2018-02-01,1118,43964.29,117,33
2018-02-01,1188,31500,3,1
2018-02-01,1774,15093.6,60,4
2018-02-01,1994,7700,5,2
2018-02-01,2417,7000,40,1
2018-02-01,1418,4500,30,9
2018-02-01,1748,2057.5,13,3
2018-02-01,3796,1550,8,2
2018-02-01,1856,800,5,2
2018-02-01,2259,105,1,1
2018-03-01,84,3138584.99,274,14
2018-03-01,471,429551.43,152,16
2018-03-01,1783,248836.4,71,4
2018-03-01,948,202986.3,80,3
2018-03-01,1542,166192.37,207,13
2018-03-01,1325,147465.8,20,7
2018-03-01,1861,135974.04,27,3
2018-03-01,940,113000,64,11
2018-03-01,1188,109750,27,3
2018-03-01,1277,64651.51,22,1
2018-03-01,2417,16100,58,4
2018-03-01,1418,8000,35,13
2018-03-01,3796,6471.32,14,4
2018-03-01,1118,4896.74,34,7
2018-03-01,2259,3571.5,8,3
2018-03-01,2078,3360,0,2
2018-03-01,1774,2723.4,35,3
2018-03-01,1856,800,6,2
2018-03-01,1970,730,3,1
2018-03-01,1748,536.17,7,3
2018-03-01,810,350,3,1
2018-03-01,2018,340,3,1
2018-03-01,2201,320,6,1
2018-03-01,2083,315.01,4,1
2018-03-01,207,120,3,1
2018-04-01,84,1576985.88,309,14
2018-04-01,948,1509144,185,6
2018-04-01,1783,1106280,95,6
2018-04-01,940,1000000,64,1
2018-04-01,1861,603972.43,102,10
2018-04-01,1118,379643.66,198,21
2018-04-01,1512,230051,118,2
2018-04-01,1277,222562.09,100,3
2018-04-01,1418,203000,65,7
2018-04-01,1542,85483.4,181,13
2018-04-01,471,68838.76,81,13
2018-04-01,1774,20040,65,7
2018-04-01,2025,16950,6,1
2018-04-01,2592,15273.59,30,2
2018-04-01,2417,10500,82,2
2018-04-01,1188,8000,15,4
2018-04-01,1994,5000,16,2
2018-04-01,810,2790,8,1
2018-04-01,1748,2552.6,23,5
2018-04-01,1856,2500,4,1
2018-04-01,2259,1903.76,11,2
2018-04-01,3796,1386.12,13,5
2018-04-01,2083,1062,6,2
2018-04-01,1924,503.76,3,1
2018-05-01,84,3365918.69,239,18
2018-05-01,1542,1065899.1,600,14
2018-05-01,1861,572357.57,102,13
2018-05-01,471,403727.52,243,13
2018-05-01,2417,253500,102,4
2018-05-01,2083,166140.85,42,5
2018-05-01,657,149500,50,3
2018-05-01,1277,137891.56,61,2
2018-05-01,1989,100000,36,1
2018-05-01,948,65563,81,5
2018-05-01,3796,57000,48,21
2018-05-01,1783,36548,28,4
2018-05-01,1188,18567.64,22,5
2018-05-01,148,16410,8,1
2018-05-01,1118,14691.59,84,24
2018-05-01,1924,12661.88,11,2
2018-05-01,2259,7947.06,12,2
2018-05-01,1325,5966.2,15,1
2018-05-01,1994,5000,1,1
2018-05-01,1774,4000,35,2
2018-05-01,810,1583.06,12,2
2018-05-01,1970,1362.12,11,2
2018-05-01,1748,434.4,17,8
2018-06-01,84,1637497.41,216,10
2018-06-01,1542,1538448,500,17
2018-06-01,471,704638.99,146,21
2018-06-01,1861,256343.52,66,3
2018-06-01,1118,253825.4,42,5
2018-06-01,948,250000,60,1
2018-06-01,1783,208766.76,64,7
2018-06-01,1989,150000,48,1
2018-06-01,1994,85000,6,1
2018-06-01,1277,84000,44,2
2018-06-01,1325,78698.69,19,1
2018-06-01,1877,75000,12,1
2018-06-01,277,63495,15,1
2018-06-01,1774,42300,61,9
2018-06-01,2259,28833.1,19,2
2018-06-01,1760,28000,24,1
2018-06-01,657,20000,12,1
2018-06-01,1188,13916.5,20,5
2018-06-01,2083,10883.01,16,4
2018-06-01,3796,10600,53,26
2018-06-01,2417,7000,35,1
2018-06-01,940,4000,12,2
2018-06-01,1748,2960.57,23,6
2018-06-01,2078,2000,0,1
2018-06-01,2592,1290.79,0,2
2018-06-01,2018,1000,4,1
2018-07-01,1277,2329160,116,3
2018-07-01,1542,1703190.2,103,8
2018-07-01,1783,706330,89,7
2018-07-01,471,332801.74,107,11
2018-07-01,940,256000,49,4
2018-07-01,1418,250000,58,1
2018-07-01,948,201506.4,44,1
2018-07-01,1512,191254.23,96,3
2018-07-01,84,159330.91,148,10
2018-07-01,657,159000,75,3
2018-07-01,1989,150000,48,1
2018-07-01,1118,110797.31,82,14
2018-07-01,1325,110000,24,2
2018-07-01,2417,100000,57,1
2018-07-01,1774,36500,84,15
2018-07-01,1904,31000,0,4
2018-07-01,1924,21160,13,2
2018-07-01,2259,18947.74,13,4
2018-07-01,1188,18124.46,27,7
2018-07-01,3796,13440,36,20
2018-07-01,2083,9625.31,12,4
2018-07-01,2592,7012.24,15,1
2018-07-01,30,4524.96,30,1
2018-07-01,1970,930,8,1
2018-07-01,148,830,8,1
2018-07-01,1861,417.56,2,2
2018-07-01,1748,300,13,5
2018-08-01,84,25584943.71,191,12
2018-08-01,1783,1500000,128,1
2018-08-01,1277,1013905.79,126,3
2018-08-01,1989,600000,48,1
2018-08-01,1542,490103.01,286,9
2018-08-01,1861,419742.69,25,4
2018-08-01,948,270692,201,6
2018-08-01,3796,263240,64,14
2018-08-01,1118,138221.86,157,36
2018-08-01,471,52495.52,95,16
2018-08-01,2259,26442.2,9,2
2018-08-01,1188,22857.17,24,5
2018-08-01,1418,20000,20,1
2018-08-01,1924,14030,10,2
2018-08-01,2201,12480,11,2
2018-08-01,1774,6970,50,10
2018-08-01,2592,5000,10,1
2018-08-01,940,4000,8,2
2018-08-01,1748,2013.5,22,9
2018-08-01,1904,1075,4,2
2018-08-01,2083,877.95,4,2
2018-08-01,2018,770,4,1
2018-08-01,1325,0,3,1
2018-09-01,1542,1169777.84,559,12
2018-09-01,948,1071180.8,149,6
2018-09-01,471,387854.69,249,12
2018-09-01,1418,250000,19,1
2018-09-01,1783,177740,8,2
2018-09-01,940,139000,32,3
2018-09-01,2083,77038.81,29,5
2018-09-01,1877,75000,12,1
2018-09-01,2592,50000,15,1
2018-09-01,277,46060,20,1
2018-09-01,84,37146,113,10
2018-09-01,1118,35819.39,152,32
2018-09-01,1774,26808,62,13
2018-09-01,1277,24074.01,61,4
2018-09-01,1188,20254.78,18,6
2018-09-01,657,20000,16,1
2018-09-01,2259,13110,21,4
2018-09-01,3796,12933.7,59,23
2018-09-01,2417,10500,63,3
2018-09-01,1897,10080,10,1
2018-09-01,1924,10000,8,1
2018-09-01,1512,10000,47,1
2018-09-01,30,5750.49,20,1
2018-09-01,2201,3240,8,1
2018-09-01,810,1650,11,2
2018-09-01,2279,970,6,2
2018-09-01,1904,700,4,1
2018-09-01,1970,680,6,2
2018-09-01,1748,563,16,7
2018-09-01,2475,430,3,1
2018-09-01,2018,230,3,1
2018-09-01,2213,0,0,1
2018-10-01,84,1099581.5,465,32
2018-10-01,1118,657729.76,311,36
2018-10-01,471,536470.92,100,10
2018-10-01,948,425000,40,1
2018-10-01,1325,406761.68,58,3
2018-10-01,1277,295192.4,112,3
2018-10-01,1877,100000,24,1
2018-10-01,1512,92400,59,1
2018-10-01,2083,82274.63,40,4
2018-10-01,3796,62754.87,24,8
2018-10-01,2278,61318.69,26,5
2018-10-01,1542,47343.89,248,9
2018-10-01,1188,25629.16,21,6
2018-10-01,2417,24500,79,4
2018-10-01,2025,16800,6,1
2018-10-01,1774,16700,78,14
2018-10-01,324,15000,8,1
2018-10-01,2259,13530,14,3
2018-10-01,2213,9085,40,6
2018-10-01,940,8000,19,4
2018-10-01,1783,3898.1,12,1
2018-10-01,2403,2500,1,1
2018-10-01,1924,1272.59,7,2
2018-10-01,1904,1175,4,3
2018-10-01,2201,560,3,1
2018-10-01,1970,190,3,1
2018-10-01,2279,180,3,1
2018-10-01,1748,130,5,2
2018-11-01,84,1435905.88,291,16
2018-11-01,948,1000000,60,2
2018-11-01,1118,535431.39,225,43
2018-11-01,471,440932.77,220,9
2018-11-01,1277,385350.82,210,5
2018-11-01,940,304000,48,3
2018-11-01,2417,300000,41,1
2018-11-01,1325,230000,39,2
2018-11-01,2271,200000,21,1
2018-11-01,1542,143008,119,2
2018-11-01,1774,101150,62,9
2018-11-01,1512,100400,57,1
2018-11-01,1418,100000,5,1
2018-11-01,1904,100000,4,1
2018-11-01,1924,100000,16,1
2018-11-01,657,50000,50,2
2018-11-01,2213,27886.95,74,14
2018-11-01,2278,27299.52,13,5
2018-11-01,3796,13670,42,13
2018-11-01,1188,9635.93,15,4
2018-11-01,2259,6155.46,12,2
2018-11-01,1877,5000,5,1
2018-11-01,2201,1880,10,2
2018-11-01,1748,300,7,3
2018-11-01,2083,205.01,4,1
2018-12-01,1277,2509250,180,3
2018-12-01,1602,1310000,24,1
2018-12-01,84,600329.82,333,25
2018-12-01,2278,463113.14,110,9
2018-12-01,1118,300920.19,214,35
2018-12-01,2213,283778,94,16
2018-12-01,3796,206120,55,16
2018-12-01,471,196245.63,74,12
2018-12-01,2083,93847.62,43,7
2018-12-01,2499,74587.45,271,63
2018-12-01,1188,50720.27,42,7
2018-12-01,1512,29100,44,1
2018-12-01,2366,25000,1,1
2018-12-01,1774,21304.1,52,11
2018-12-01,2259,12195.55,22,5
2018-12-01,2757,10000,16,1
2018-12-01,1325,7370,20,2
2018-12-01,1542,1800,27,1
2018-12-01,2201,983.33,7,2
2018-12-01,2403,366.67,4,1
2018-12-01,1861,344.33,1,1
2018-12-01,2018,311.4,4,2
2018-12-01,1924,280,3,1
2018-12-01,1748,225.4,7,4
2018-12-01,1967,220,4,1
2018-12-01,2497,220,4,1
2018-12-01,1970,160,3,1
2018-12-01,148,150,2,1
2018-12-01,609,146.67,3,1
2018-12-01,810,110,3,1
2018-12-01,2279,110,2,1
2019-01-01,84,1503477.01,237,14
2019-01-01,1542,1035800.98,602,11
2019-01-01,1277,539360,43,2
2019-01-01,2278,363000,72,3
2019-01-01,471,350525.24,217,6
2019-01-01,1118,128650,104,15
2019-01-01,1512,123200,95,2
2019-01-01,2499,48235.65,244,63
2019-01-01,948,47075,30,3
2019-01-01,2259,28796.91,21,4
2019-01-01,2213,13900,26,7
2019-01-01,1881,12198.15,48,1
2019-01-01,1602,12000,24,3
2019-01-01,2403,7500,2,1
2019-01-01,1188,3976.91,14,3
2019-01-01,2201,2030,11,2
2019-01-01,2018,1592.6,7,2
2019-01-01,1774,1450,30,9
2019-01-01,2083,1089.36,6,5
2019-01-01,810,880,8,1
2019-01-01,1970,720,5,2
2019-01-01,1924,590,6,2
2019-01-01,1037,480,3,1
2019-01-01,148,460,5,2
2019-01-01,2279,220,3,1
2019-01-01,1748,201.3,8,3
2019-01-01,2367,51.3,3,1
2019-02-01,84,833701.96,180,8
2019-02-01,2398,250000,1,1
2019-02-01,2278,229750,63,4
2019-02-01,2577,212829,116,8
2019-02-01,1418,200000,60,1
2019-02-01,1118,168069.63,180,25
2019-02-01,1277,70880,23,1
2019-02-01,2499,67398.38,224,66
2019-02-01,1325,52130,17,2
2019-02-01,471,42518.61,31,6
2019-02-01,2083,41386.98,37,8
2019-02-01,1632,35000,40,1
2019-02-01,1773,32000,16,1
2019-02-01,1188,28580.6,14,3
2019-02-01,1774,26200,101,15
2019-02-01,1542,25685.9,27,3
2019-02-01,2259,24530.63,14,3
2019-02-01,1877,15200,16,1
2019-02-01,1602,12000,24,3
2019-02-01,2757,10000,16,1
2019-02-01,2201,9960.21,19,3
2019-02-01,2403,8500,3,2
2019-02-01,2213,7492,30,8
2019-02-01,2018,5340,11,2
2019-02-01,948,5000,20,1
2019-02-01,810,2570,8,1
2019-02-01,3796,1500,4,1
2019-02-01,2647,430,3,1
2019-02-01,1748,184.51,6,2
2019-03-01,84,2375413.65,335,22
2019-03-01,2757,1000000,64,1
2019-03-01,1542,511801.18,135,5
2019-03-01,471,500397.18,63,10
2019-03-01,2213,427325,141,8
2019-03-01,2577,314590.41,248,29
2019-03-01,2278,156193.66,24,5
2019-03-01,2499,135928.11,375,104
2019-03-01,1188,114500,15,3
2019-03-01,1277,100000,65,2
2019-03-01,2083,72620.03,37,7
2019-03-01,1602,69216.11,32,4
2019-03-01,1118,60349.11,129,30
2019-03-01,1904,52700,8,4
2019-03-01,1512,49156.24,15,1
2019-03-01,1881,45548.14,63,2
2019-03-01,1774,24595.5,61,22
2019-03-01,2366,15000,2,1
2019-03-01,2403,3000,2,2
2019-03-01,948,2932,21,2
2019-03-01,2259,2740,8,3
2019-03-01,2201,1060,6,2
2019-03-01,1877,1000,2,2
2019-03-01,2647,870,3,1
2019-03-01,324,666,3,1
2019-03-01,2018,490,6,2
2019-03-01,1748,397.04,9,3
2019-03-01,1970,240,3,1
2019-03-01,1924,170,3,1
2019-04-01,471,1007707.32,35,10
2019-04-01,84,875430.28,212,19
2019-04-01,2577,708420.75,251,13
2019-04-01,1277,509340,140,4
2019-04-01,2278,346500,94,3
2019-04-01,1418,300000,55,1
2019-04-01,1512,120000,82,2
2019-04-01,1881,102400,49,1
2019-04-01,2366,85000,3,1
2019-04-01,2499,62696.61,277,79
2019-04-01,2083,51896.99,23,6
2019-04-01,2213,38390,50,3
2019-04-01,1774,27762,95,18
2019-04-01,948,24295.24,10,2
2019-04-01,1118,21062.33,136,29
2019-04-01,2841,19596,20,1
2019-04-01,1542,12893.02,24,2
2019-04-01,2757,12000,19,3
2019-04-01,1602,11900,24,3
2019-04-01,1188,9788.62,15,3
2019-04-01,2647,5269.87,8,1
2019-04-01,1904,2100,4,2
2019-04-01,2259,1420,6,2
2019-04-01,3796,899.6,3,1
2019-04-01,2775,750,6,1
2019-04-01,2201,360,4,1
2019-05-01,1542,1956577.2,520,11
2019-05-01,84,1153882.77,202,13
2019-05-01,1118,622928.38,190,31
2019-05-01,2278,616614.85,90,8
2019-05-01,2213,402000,122,6
2019-05-01,1512,262300,170,3
2019-05-01,1277,202898,88,3
2019-05-01,2499,120276.1,385,102
2019-05-01,1774,62050,80,13
2019-05-01,2775,61912.97,39,6
2019-05-01,2757,45000,51,6
2019-05-01,1188,43363.56,31,7
2019-05-01,2025,22400,16,2
2019-05-01,471,18591.24,30,11
2019-05-01,2577,17575.52,42,8
2019-05-01,1602,11900,24,3
2019-05-01,324,9664,4,2
2019-05-01,2259,9653.72,18,3
2019-05-01,2647,5850,11,2
2019-05-01,1881,4441.69,0,1
2019-05-01,2083,3887.5,11,6
2019-05-01,2201,2394.23,14,3
2019-05-01,2438,1786.8,4,1
2019-05-01,948,1750,18,2
2019-05-01,148,1040,8,1
2019-05-01,1418,1000,11,2
2019-05-01,3796,1000,5,2
2019-05-01,1970,960,8,1
2019-05-01,1523,850,3,1
2019-05-01,2403,700,1,1
2019-05-01,1748,327.01,11,1
2019-05-01,810,235.44,3,1
2019-05-01,609,130,2,1
2019-06-01,84,1917702.02,482,27
2019-06-01,1277,1380512,98,2
2019-06-01,2757,786000,85,7
2019-06-01,1118,666558.5,204,35
2019-06-01,471,513782.96,236,11
2019-06-01,2213,407435,152,6
2019-06-01,2434,216000,25,2
2019-06-01,1542,191229,123,5
2019-06-01,1512,145769,65,1
2019-06-01,2499,133818.36,431,117
2019-06-01,1325,115000,35,4
2019-06-01,1774,110400,65,13
2019-06-01,1877,100000,35,1
2019-06-01,2083,88416.81,37,9
2019-06-01,948,83998,52,3
2019-06-01,1602,70826.85,32,4
2019-06-01,2417,70000,40,2
2019-06-01,1188,66663.36,56,9
2019-06-01,2577,65092.96,80,5
2019-06-01,1773,55098.46,43,6
2019-06-01,2592,52500,38,6
2019-06-01,324,27904,19,3
2019-06-01,2775,25532.35,31,4
2019-06-01,1632,19250,28,1
2019-06-01,2774,16500,40,2
2019-06-01,2278,15744.36,17,4
2019-06-01,2647,13870,14,2
2019-06-01,1904,10000,4,1
2019-06-01,2259,5775.5,13,3
2019-06-01,2201,2610,14,2
2019-06-01,2025,2000,9,4
2019-06-01,2837,1680,8,1
2019-06-01,3021,1600,11,3
2019-06-01,1418,1500,25,3
2019-06-01,2879,1039.65,3,1
2019-06-01,2818,850,3,1
2019-06-01,1748,761,12,3
2019-06-01,810,640,8,1
2019-06-01,1967,50,1,1
2019-06-01,2453,0,9,1
2019-07-01,2213,2999500,162,5
2019-07-01,1277,640000,55,2
2019-07-01,1542,506454.51,111,3
2019-07-01,2278,500000,128,2
2019-07-01,84,319167.75,166,12
2019-07-01,471,232327.2,83,10
2019-07-01,1325,230000,51,2
2019-07-01,2699,200000,40,1
2019-07-01,2879,151000,66,3
2019-07-01,1118,113850.28,129,30
2019-07-01,2417,110000,34,1
2019-07-01,2463,100000,67,4
2019-07-01,2499,96742.1,463,130
2019-07-01,2775,90542.99,67,9
2019-07-01,2577,90000,75,7
2019-07-01,3796,65000,20,1
2019-07-01,1774,42750,65,11
2019-07-01,1188,38574.78,49,12
2019-07-01,2757,37000,51,4
2019-07-01,948,25110.15,55,4
2019-07-01,1602,11900,24,3
2019-07-01,324,9509.6,4,2
2019-07-01,1881,9336.49,18,1
2019-07-01,2259,5587.52,33,7
2019-07-01,2647,5302.67,13,3
2019-07-01,2083,4734.89,11,6
2019-07-01,1512,3570.43,15,1
2019-07-01,2837,2549.96,13,3
2019-07-01,1418,2500,31,5
2019-07-01,2025,2000,8,4
2019-07-01,2592,1500,15,3
2019-07-01,1773,1500,4,1
2019-07-01,2201,933.69,11,2
2019-07-01,1924,850,3,1
2019-07-01,810,382.41,4,1
2019-07-01,2018,260.97,3,1
2019-07-01,1967,229.44,3,1
2019-07-01,2279,152.96,3,1
2019-07-01,2774,123,0,1
2019-07-01,1748,50,3,1
2019-08-01,84,34460762.14,422,28
2019-08-01,1277,4533661.52,60,1
2019-08-01,2213,2095647,180,2
2019-08-01,1542,1031180.64,422,8
2019-08-01,471,533790,242,9
2019-08-01,2278,530388.57,49,3
2019-08-01,2577,354873,170,5
2019-08-01,1512,288500,65,1
2019-08-01,2499,132859.09,358,84
2019-08-01,2757,80000,36,6
2019-08-01,1118,77188.9,132,36
2019-08-01,2453,60000,3,1
2019-08-01,2837,47290,8,1
2019-08-01,1188,33777.62,32,8
2019-08-01,2775,31770,24,3
2019-08-01,1774,25500,41,6
2019-08-01,2259,23052.98,22,3
2019-08-01,2186,19620,3,1
2019-08-01,3021,16860.92,14,3
2019-08-01,1881,16654,119,2
2019-08-01,948,11984.72,75,3
2019-08-01,1602,11900,24,3
2019-08-01,2592,10000,20,3
2019-08-01,324,9797.5,5,2
2019-08-01,2201,6728.57,11,2
2019-08-01,3796,5286.91,6,1
2019-08-01,1773,3600,13,3
2019-08-01,2025,2000,10,4
2019-08-01,2083,1907.1,9,5
2019-08-01,1523,1700,5,2
2019-08-01,1418,1500,24,3
2019-08-01,2689,1000,1,1
2019-08-01,810,725,3,1
2019-08-01,609,621.08,9,2
2019-08-01,207,300,3,1
2019-08-01,2438,175,3,1
2019-08-01,1748,150,4,1
2019-08-01,1055,150,3,1
2019-08-01,2018,95,3,1
2019-09-01,1542,3811048.85,212,5
2019-09-01,2577,1050001,150,3
2019-09-01,84,416160.29,348,35
2019-09-01,2879,125000,52,2
2019-09-01,1118,114760.31,115,28
2019-09-01,948,83217,21,4
2019-09-01,1277,81107.6,65,2
2019-09-01,1188,80102,62,17
2019-09-01,2083,77740,42,7
2019-09-01,1602,71213.49,32,4
2019-09-01,2499,52580.16,270,67
2019-09-01,2604,50000,16,1
2019-09-01,1881,50000,53,1
2019-09-01,1774,40031.5,53,5
2019-09-01,471,35087.81,47,10
2019-09-01,2775,33859.1,38,6
2019-09-01,324,33722.8,18,4
2019-09-01,2186,31900,4,1
2019-09-01,2647,16760,15,2
2019-09-01,2757,16000,25,4
2019-09-01,1638,15000,8,1
2019-09-01,1897,10080,10,1
2019-09-01,2259,5245.8,34,6
2019-09-01,2837,3164.45,17,4
2019-09-01,3021,2481.3,20,6
2019-09-01,2689,2054.62,3,4
2019-09-01,2025,2000,9,4
2019-09-01,2201,1930,11,2
2019-09-01,810,1320,8,1
2019-09-01,1773,1200,9,1
2019-09-01,1748,500,4,1
2019-09-01,1418,500,10,1
2019-09-01,207,260,3,1
2019-09-01,2818,200,3,1
2019-09-01,3248,190,3,1
2019-09-01,609,160,3,1
2019-09-01,2018,130,2,1
2019-09-01,2438,110,3,1
2019-10-01,84,860345.5,236,14
2019-10-01,471,687797.83,263,9
2019-10-01,1277,599936.78,141,4
2019-10-01,1542,382478.37,264,5
2019-10-01,2757,262000,28,4
2019-10-01,1512,245520,162,3
2019-10-01,1881,174222.13,137,4
2019-10-01,2879,150250,16,1
2019-10-01,1325,150000,24,1
2019-10-01,2499,118317.99,239,59
2019-10-01,1118,81961.94,250,38
2019-10-01,2417,70000,40,2
2019-10-01,1188,54784.86,63,16
2019-10-01,2935,50000,20,2
2019-10-01,1774,40500,74,10
2019-10-01,2775,35223.99,34,3
2019-10-01,2592,26041.74,65,4
2019-10-01,1602,23985.79,8,1
2019-10-01,2083,22385.2,14,6
2019-10-01,948,20696.74,50,4
2019-10-01,2689,15631.16,13,9
2019-10-01,2647,15470,24,4
2019-10-01,1343,15000,15,3
2019-10-01,1773,10977.6,13,1
2019-10-01,2613,10000,6,1
2019-10-01,2837,8865.98,11,2
2019-10-01,2453,6000,5,1
2019-10-01,2259,5866.98,13,3
2019-10-01,2025,2000,2,2
2019-10-01,2201,1130,11,2
2019-10-01,3021,1027.46,15,6
2019-10-01,324,536.8,4,3
2019-11-01,84,1566187.63,306,20
2019-11-01,1118,704928.6,320,39
2019-11-01,471,504293.02,25,9
2019-11-01,1277,500000,42,1
2019-11-01,1881,410441.87,67,2
2019-11-01,2689,403660.1,114,6
2019-11-01,2417,300000,40,1
2019-11-01,1773,250000,25,1
2019-11-01,1877,250000,36,1
2019-11-01,1512,211000,81,1
2019-11-01,1774,122000,45,3
2019-11-01,1542,113497.2,119,3
2019-11-01,1325,105000,35,1
2019-11-01,2083,69999.5,28,6
2019-11-01,1602,66907.56,24,3
2019-11-01,2499,51093.89,206,63
2019-11-01,810,33000,8,1
2019-11-01,2201,33000,8,1
2019-11-01,1188,32860.4,65,10
2019-11-01,3796,22500,24,1
2019-11-01,2775,13743.28,22,4
2019-11-01,2259,11782.73,27,4
2019-11-01,2613,11000,11,3
2019-11-01,2879,10000,8,1
2019-11-01,324,9027,3,3
2019-11-01,2647,8184,4,1
2019-11-01,2592,3000,9,3
2019-11-01,2699,1500,10,3
2019-11-01,2837,599.52,6,2
2019-11-01,3021,360.75,4,6
2019-11-01,2018,310,3,1
2019-12-01,1277,1550320.22,169,4
2019-12-01,1602,1387727.29,24,1
2019-12-01,84,804986,263,20
2019-12-01,2757,750000,56,1
2019-12-01,2755,703000,32,1
2019-12-01,1118,549707.62,148,25
2019-12-01,2681,500000,22,1
2019-12-01,2881,456721.47,12,1
2019-12-01,1325,401623,24,2
2019-12-01,2699,360500,92,6
2019-12-01,2613,327612.5,71,6
2019-12-01,1188,263900.92,48,8
2019-12-01,471,79271.2,81,7
2019-12-01,2689,54013.08,17,1
2019-12-01,2577,50000,48,2
2019-12-01,2592,35036.31,36,3
2019-12-01,2499,29824.53,163,35
2019-12-01,2775,15900,16,1
2019-12-01,1542,15000,12,1
2019-12-01,2879,11995,17,3
2019-12-01,2083,11023.41,34,8
2019-12-01,948,10856.07,10,1
2019-12-01,2259,10600,21,3
2019-12-01,324,9086.4,3,1
2019-12-01,1897,4020,9,2
2019-12-01,2453,4000,4,1
2019-12-01,2837,350,3,1
2019-12-01,3021,305.25,3,5
2019-12-01,2201,240,3,1
2019-12-01,2710,218.75,3,1
2019-12-01,2647,200,3,1
2019-12-01,2818,100,1,1
2019-12-01,1970,90,1,1
2020-01-01,84,1419035.6,216,9
2020-01-01,1277,518760,40,1
2020-01-01,2613,267300,109,4
2020-01-01,2689,216402.71,73,5
2020-01-01,2499,67453.99,181,35
2020-01-01,2681,38047.38,3,1
2020-01-01,1881,33000,26,1
2020-01-01,324,30996,1,1
2020-01-01,1188,24397.06,29,4
2020-01-01,1118,16620.14,135,33
2020-01-01,1542,11862,39,2
2020-01-01,2837,11638.4,15,2
2020-01-01,2775,10980,39,2
2020-01-01,2201,10648.4,16,2
2020-01-01,2659,10000,5,2
2020-01-01,2083,8103,11,6
2020-01-01,1602,7900,16,2
2020-01-01,2684,2610,8,1
2020-01-01,2699,2000,25,4
2020-01-01,2259,1580,8,1
2020-01-01,1967,1305,24,2
2020-01-01,2078,1270,13,1
2020-01-01,3276,1250,6,2
2020-01-01,810,600,3,1
2020-01-01,2018,520,3,1
2020-01-01,1970,490,3,1
2020-01-01,3248,340,5,2
2020-01-01,2818,330,3,1
2020-01-01,3021,305.25,4,5
2020-01-01,2647,250,3,1
2020-01-01,1748,219.98,3,1
2020-01-01,471,200,5,4
2020-01-01,1774,172.9,10,4
2020-02-01,2757,1100000,28,2
2020-02-01,471,505619.03,131,6
2020-02-01,1881,450906.02,125,2
2020-02-01,2689,365897.65,115,7
2020-02-01,84,358087,65,4
2020-02-01,2613,260150,86,6
2020-02-01,2781,250000,1,1
2020-02-01,2259,80476.76,20,2
2020-02-01,3276,39059.94,37,17
2020-02-01,2499,37089.02,185,41
2020-02-01,1118,22381.04,128,28
2020-02-01,2775,10000,32,1
2020-02-01,1602,8000,16,2
2020-02-01,2083,3189,24,9
2020-02-01,3021,3083.25,9,2
2020-02-01,810,2400,3,1
2020-02-01,2018,2216.43,6,2
2020-02-01,2699,2000,20,4
2020-02-01,2837,1460,6,2
2020-02-01,1188,1302.22,8,2
2020-02-01,2201,1130,15,2
2020-02-01,1542,984,13,1
2020-02-01,1774,53.6,6,1
2020-03-01,1118,1130167.41,304,28
2020-03-01,84,908184.48,233,18
2020-03-01,471,505100,144,3
2020-03-01,2699,365500,100,8
2020-03-01,2577,350000,177,9
2020-03-01,2982,321550.01,191,7
2020-03-01,2879,150250,16,1
2020-03-01,2613,138000,69,4
2020-03-01,2775,100000,16,1
2020-03-01,1881,74895.94,71,2
2020-03-01,1774,70020.1,107,13
2020-03-01,3796,58500,30,2
2020-03-01,1773,56250,21,1
2020-03-01,2499,41911.85,106,21
2020-03-01,2083,21428.11,54,11
2020-03-01,3276,14222.04,27,18
2020-03-01,3104,13253.89,9,3
2020-03-01,948,5395,24,2
2020-03-01,2689,5000.72,4,4
2020-03-01,1602,3800,8,1
2020-03-01,1188,1378.44,8,1
2020-03-01,2259,365.5,3,1
2020-03-01,324,306.1,14,8
2020-03-01,1748,60,5,1
2020-04-01,84,623956,345,20
2020-04-01,1118,357755.4,215,31
2020-04-01,1277,308261.41,40,1
2020-04-01,1512,288500,63,1
2020-04-01,2613,280000,105,11
2020-04-01,2982,248900.07,63,12
2020-04-01,471,208287.69,63,10
2020-04-01,2577,201000,232,17
2020-04-01,2699,91000,65,7
2020-04-01,2083,68031,35,6
2020-04-01,1773,62500,29,3
2020-04-01,3269,60825.14,298,52
2020-04-01,1877,49000,48,1
2020-04-01,1325,44600,6,2
2020-04-01,1542,21150,20,1
2020-04-01,1774,20000,100,10
2020-04-01,3276,19854.65,28,12
2020-04-01,2689,10000,6,4
2020-04-01,2499,6500,47,11
2020-04-01,2582,708,2,1
2020-04-01,1748,318.48,14,3
2020-04-01,2259,210.2,3,1
2020-04-01,609,184.5,3,1
2020-04-01,3104,160,8,2
2020-04-01,324,83.11,10,3
2020-05-01,84,1155794.17,381,24
2020-05-01,2613,331722,123,15
2020-05-01,2699,322000,100,5
2020-05-01,1118,225270.81,272,44
2020-05-01,1542,225000,120,2
2020-05-01,2755,220000,16,1
2020-05-01,1277,213090.66,65,2
2020-05-01,2577,206000,248,22
2020-05-01,2982,202000,68,11
2020-05-01,1512,200200,112,2
2020-05-01,3269,143387.2,335,46
2020-05-01,2417,120000,90,3
2020-05-01,1325,105000,39,2
2020-05-01,3104,100400,31,4
2020-05-01,471,80550,52,4
2020-05-01,1773,62500,45,4
2020-05-01,3796,50000,24,1
2020-05-01,1881,42307.67,30,1
2020-05-01,3276,30590.14,35,17
2020-05-01,2499,22300,56,12
2020-05-01,2689,15000,12,6
2020-05-01,948,13669.69,10,1
2020-05-01,2083,5986,7,6
2020-05-01,2879,4779,7,1
2020-05-01,1602,4000,8,1
2020-05-01,1774,600,8,3
2020-05-01,2259,550.98,6,3
2020-05-01,609,437.29,5,2
2020-05-01,2582,236,2,2
2020-06-01,1277,1129066.43,72,1
2020-06-01,1542,1000000,266,7
2020-06-01,84,967509.21,329,16
2020-06-01,2689,930970.46,245,8
2020-06-01,471,513226.37,127,4
2020-06-01,3269,360232.49,723,60
2020-06-01,2613,330000,114,14
2020-06-01,2982,272763.3,219,12
2020-06-01,1881,245754.95,146,3
2020-06-01,2757,172000,32,4
2020-06-01,1118,149600.31,242,48
2020-06-01,3276,123719.88,38,8
2020-06-01,1773,85385.74,69,5
2020-06-01,2577,63519.05,108,14
2020-06-01,2417,49999.98,30,1
2020-06-01,1774,40000,133,20
2020-06-01,1512,26000,36,1
2020-06-01,1188,18707.89,20,6
2020-06-01,2083,18112.69,36,8
2020-06-01,2499,11890.22,70,19
2020-06-01,324,8776.8,20,2
2020-06-01,3104,5677.14,22,3
2020-06-01,2699,2500,30,5
2020-06-01,2259,929.18,7,3
2020-06-01,1748,535.05,15,3
2020-06-01,609,309.4,6,2
2020-06-01,410,250,3,1
2020-06-01,2684,250,8,1
2020-06-01,2582,236,4,2
2020-06-01,2018,200,3,1
2020-06-01,3796,179.03,6,2
2020-06-01,2647,160,3,1
2020-06-01,1672,112.5,3,1
2020-06-01,2438,75,3,1
2020-06-01,148,50,3,1
2020-06-01,1624,50,3,1
2020-06-01,3248,50,3,1
2020-06-01,2279,10,3,1
2020-06-01,2367,10,3,1
2020-06-01,2818,10,3,1
2020-07-01,84,680258,234,8
2020-07-01,471,507391.36,116,3
2020-07-01,2689,385711.6,89,8
2020-07-01,1277,377967.86,64,2
2020-07-01,2613,345000,116,12
2020-07-01,1542,310000,151,3
2020-07-01,1118,232050.08,237,48
2020-07-01,3269,207081.02,663,48
2020-07-01,2699,201000,95,8
2020-07-01,3071,200600,123,2
2020-07-01,2780,140000,34,4
2020-07-01,2982,135500,88,12
2020-07-01,3200,100000,24,3
2020-07-01,3276,80382.03,18,8
2020-07-01,1774,80100,102,11
2020-07-01,2577,78601.94,170,29
2020-07-01,1325,75000,16,1
2020-07-01,1512,66500,31,2
2020-07-01,1773,62500,47,4
2020-07-01,1881,35000,36,1
2020-07-01,2083,15585,28,6
2020-07-01,1188,12184.4,12,4
2020-07-01,324,11465.2,30,3
2020-07-01,2278,11324,2,2
2020-07-01,2499,8274.21,61,19
2020-07-01,3260,5503.84,22,8
2020-07-01,2259,2326.59,13,5
2020-07-01,2417,582.8,5,1
2020-07-01,3104,400,14,2
2020-07-01,2582,235,2,2
2020-07-01,609,200,3,1
2020-08-01,2613,5100000,286,4
2020-08-01,1277,4642871.56,92,3
2020-08-01,1542,406375,277,7
2020-08-01,471,401750,87,11
2020-08-01,2982,377775.59,188,11
2020-08-01,1118,364726.95,394,57
2020-08-01,2757,304000,24,2
2020-08-01,3269,297052.78,352,38
2020-08-01,2699,250000,60,1
2020-08-01,84,245444.74,222,11
2020-08-01,2689,212797.6,27,4
2020-08-01,3796,152150,30,2
2020-08-01,2577,148692.04,173,28
2020-08-01,3374,147000,22,3
2020-08-01,3071,98400,180,2
2020-08-01,1881,63321.59,34,1
2020-08-01,1773,62500,44,4
2020-08-01,2780,60500,8,1
2020-08-01,2879,57782.5,12,2
2020-08-01,3036,51000,80,1
2020-08-01,1325,50000,16,1
2020-08-01,1774,40195,105,12
2020-08-01,3276,33945.03,40,9
2020-08-01,2083,32084,50,10
2020-08-01,2499,12273.48,59,24
2020-08-01,1188,11040.02,20,7
2020-08-01,324,9108,20,2
2020-08-01,3260,3313.35,34,11
2020-08-01,2594,2621,24,1
2020-08-01,2201,2248.39,6,2
2020-08-01,2259,2142.75,11,4
2020-08-01,2417,1357.19,13,3
2020-08-01,2684,1000,8,1
2020-08-01,3104,400,16,2
2020-08-01,2438,335.5,3,1
2020-08-01,948,300,10,1
2020-08-01,810,296.84,6,4
2020-08-01,2582,234,2,2
2020-08-01,1748,169.98,3,1
2020-08-01,609,112.2,3,1
2020-09-01,84,1083618.14,366,15
2020-09-01,1542,1030000,216,5
2020-09-01,471,508575.76,148,5
2020-09-01,1118,503036.63,454,63
2020-09-01,2577,397120,275,19
2020-09-01,1881,372466.55,97,2
2020-09-01,2982,315000,80,12
2020-09-01,3269,257023.65,346,34
2020-09-01,2879,215000,16,2
2020-09-01,1877,150000,24,2
2020-09-01,2613,100000,32,1
2020-09-01,3036,100000,141,2
2020-09-01,1277,81254.61,40,3
2020-09-01,1773,62500,43,4
2020-09-01,1188,48727.35,28,12
2020-09-01,1774,40020,99,11
2020-09-01,3276,33123.6,27,7
2020-09-01,2499,22911.74,102,31
2020-09-01,324,8942.4,20,2
2020-09-01,2213,5000,8,1
2020-09-01,2582,3689,8,4
2020-09-01,3104,2000,8,1
2020-09-01,2259,1442.31,8,4
2020-09-01,1897,1384,11,2
2020-09-01,3260,1219.41,14,7
2020-09-01,948,1050,15,1
2020-09-01,2699,1000,20,2
2020-09-01,609,561.7,6,2
2020-09-01,2417,500,5,1
2020-09-01,1748,423.81,9,2
2020-09-01,2083,300,1,3
2020-09-01,1970,54.6,1,1
2020-10-01,1542,3324500,179,3
2020-10-01,471,510836,124,4
2020-10-01,1512,500200,178,3
2020-10-01,1118,496311.63,436,70
2020-10-01,2982,439000,218,16
2020-10-01,1277,354292.7,67,2
2020-10-01,2757,285000,40,2
2020-10-01,84,267634.1,202,7
2020-10-01,2577,206230,225,39
2020-10-01,3269,158960.42,369,29
2020-10-01,324,137691.6,61,4
2020-10-01,1773,62500,43,4
2020-10-01,1881,53256.27,59,1
2020-10-01,3036,50000,77,1
2020-10-01,3224,50000,42,1
2020-10-01,1343,45000,30,6
2020-10-01,1774,43600,133,13
2020-10-01,3260,36111.25,29,8
2020-10-01,2176,36000,8,3
2020-10-01,2325,31911.1,6,1
2020-10-01,3276,27406,46,9
2020-10-01,2213,25000,12,1
2020-10-01,2499,14707.98,82,27
2020-10-01,1897,12447,51,2
2020-10-01,2083,10866,27,5
2020-10-01,1188,10650.6,20,7
2020-10-01,2699,2500,26,5
2020-10-01,3032,1947,19,1
2020-10-01,2259,1487.29,22,6
2020-10-01,2775,538,4,1
2020-10-01,3142,501,3,1
2020-10-01,2417,500,5,1
2020-10-01,1748,400,3,1
2020-10-01,2818,300,3,1
2020-10-01,3104,200,8,1
2020-10-01,2837,125,3,1
2020-11-01,84,1190619.5,470,28
2020-11-01,1881,1169008.96,249,6
2020-11-01,1773,1000000,29,1
2020-11-01,1325,450000,46,2
2020-11-01,1118,431235.38,538,75
2020-11-01,1277,341904.19,88,3
2020-11-01,2982,255000,27,6
2020-11-01,2981,243000,80,9
2020-11-01,3269,241307.17,314,23
2020-11-01,1774,201050,162,12
2020-11-01,1542,177650,177,6
2020-11-01,2417,120592,90,4
2020-11-01,2577,96471.32,123,26
2020-11-01,3036,83273.83,12,1
2020-11-01,2083,81730,48,7
2020-11-01,2757,75000,16,1
2020-11-01,3276,69497.03,17,8
2020-11-01,3796,54000,20,1
2020-11-01,2499,40994.93,69,21
2020-11-01,2176,30000,6,3
2020-11-01,324,27960.2,31,5
2020-11-01,3104,25000,17,2
2020-11-01,1512,25000,30,1
2020-11-01,3260,11231.42,30,12
2020-11-01,1188,10401.6,15,7
2020-11-01,471,2239.53,4,1
2020-11-01,2699,1500,20,3
2020-11-01,2259,895.5,10,4
2020-11-01,2775,741.57,8,1
2020-11-01,2594,367.57,3,1
2020-11-01,3094,222.86,4,1
2020-11-01,1748,20,2,1
2020-12-01,1277,2227710,154,4
2020-12-01,84,1226435.53,355,14
2020-12-01,3269,776920.31,804,40
2020-12-01,3032,750000,21,1
2020-12-01,471,537380,23,4
2020-12-01,2577,523027.88,218,16
2020-12-01,1118,433188.71,459,65
2020-12-01,1325,380000,32,1
2020-12-01,1542,346000,234,3
2020-12-01,2982,258918.15,61,7
2020-12-01,2757,250000,8,1
2020-12-01,3039,182445.5,50,4
2020-12-01,2699,140500,40,2
2020-12-01,3276,112328.06,45,11
2020-12-01,1512,107300,120,2
2020-12-01,2417,100099,60,4
2020-12-01,3796,100070,28,2
2020-12-01,2775,60000,12,1
2020-12-01,3201,50000,48,2
2020-12-01,1188,49985.2,29,4
2020-12-01,2881,48000,8,1
2020-12-01,2083,36922.5,15,7
2020-12-01,2499,23800.94,80,21
2020-12-01,2981,13000,41,6
2020-12-01,3260,2539.34,32,13
2020-12-01,3141,2500,10,1
2020-12-01,2259,1709.25,16,4
2020-12-01,2594,1018,3,1
2020-12-01,3232,800,4,1
2020-12-01,324,305,5,1
2021-01-01,657,610000,50,2
2021-01-01,1277,555300.01,42,1
2021-01-01,1118,412780.75,405,66
2021-01-01,2982,369745,281,11
2021-01-01,1512,309878.11,81,2
2021-01-01,3269,144433.84,337,21
2021-01-01,3039,125000,52,4
2021-01-01,2577,77476.11,147,15
2021-01-01,84,72130.86,134,6
2021-01-01,948,41779,48,1
2021-01-01,3276,36297.4,44,10
2021-01-01,2499,29383.92,76,22
2021-01-01,2981,24500,51,10
2021-01-01,2083,15666,24,2
2021-01-01,1542,10850,17,1
2021-01-01,3141,3625,10,1
2021-01-01,3260,3421.89,35,14
2021-01-01,2612,3000,18,1
2021-01-01,3248,1695,8,1
2021-01-01,2684,1664.8,8,1
2021-01-01,2818,1500.6,8,1
2021-01-01,1881,1500,10,1
2021-01-01,2259,1386.75,13,4
2021-01-01,471,1000,4,1
2021-01-01,2775,528.91,3,1
2021-01-01,2699,500,8,1
2021-01-01,3104,500,3,1
2021-01-01,1188,261.51,3,1
2021-01-01,324,176.9,5,1
2021-01-01,1774,100,3,1
2021-01-01,1748,30,3,1
2021-02-01,84,1450000,376,11
2021-02-01,3113,750000,60,1
2021-02-01,1881,412285.35,110,2
2021-02-01,3269,394896.23,664,38
2021-02-01,3039,360000,67,8
2021-02-01,1118,313810.15,362,70
2021-02-01,2577,265996.22,260,31
2021-02-01,2981,117500,80,11
2021-02-01,1325,109323.24,35,2
2021-02-01,2982,50350,25,8
2021-02-01,2083,39244.59,36,3
2021-02-01,1774,25175,29,3
2021-02-01,2659,20000,6,2
2021-02-01,3101,14316.23,55,3
2021-02-01,2499,12570.77,57,20
2021-02-01,3260,11476.71,36,19
2021-02-01,3276,5326.68,10,6
2021-02-01,1542,4000,56,2
2021-02-01,2881,1619.84,3,1
2021-02-01,2699,1500,16,3
2021-02-01,2259,1040.73,12,4
2021-02-01,1748,816.5,11,2
2021-02-01,324,777.55,8,2
2021-02-01,410,500,3,1
2021-02-01,2684,275,3,1
2021-02-01,1091,200,3,1
2021-02-01,3248,113.5,4,4
2021-02-01,2647,100,3,1
2021-02-01,1624,100,3,1
2021-02-01,148,20,3,1
2021-03-01,3269,1087486.84,817,40
2021-03-01,2981,711000,145,12
2021-03-01,2577,636012.54,384,25
2021-03-01,84,502955.16,288,11
2021-03-01,1118,487017.22,445,79
2021-03-01,1881,396302.98,192,5
2021-03-01,2879,342812.6,40,4
2021-03-01,2982,295496.89,117,15
2021-03-01,3039,269994.4,50,5
2021-03-01,471,250597.68,138,2
2021-03-01,2757,250000,8,1
2021-03-01,3142,250000,2,1
2021-03-01,3113,200000,6,4
2021-03-01,3276,119376.2,24,12
2021-03-01,1773,83500,112,7
2021-03-01,1325,82600,33,2
2021-03-01,2699,69920,44,6
2021-03-01,1774,50100,92,9
2021-03-01,2775,50000,8,1
2021-03-01,3101,30000,138,6
2021-03-01,1188,15135.44,8,1
2021-03-01,3260,13501.26,33,12
2021-03-01,2176,10000,4,1
2021-03-01,2499,8682.77,75,29
2021-03-01,2083,5976,16,6
2021-03-01,1542,5000,23,1
2021-03-01,2259,1778,11,4
2021-03-01,2594,1350,3,1
2021-03-01,148,250,3,1
2021-03-01,324,175.45,5,1
2021-03-01,3248,103.4,4,3
2021-04-01,84,676000,130,6
2021-04-01,1118,626573.97,422,59
2021-04-01,2981,606500,120,7
2021-04-01,3269,448038.8,785,46
2021-04-01,1277,333361.11,49,1
2021-04-01,2982,268850,294,9
2021-04-01,1881,265761.09,120,2
2021-04-01,2879,250000,24,1
2021-04-01,471,194978.41,63,11
2021-04-01,3796,153992.96,28,4
2021-04-01,1542,135000,152,3
2021-04-01,3039,121016.8,38,3
2021-04-01,1325,104000,63,3
2021-04-01,1773,83500,108,7
2021-04-01,1188,52399.8,12,3
2021-04-01,2612,40000,46,1
2021-04-01,2083,32467.68,68,9
2021-04-01,3101,30377.98,51,3
2021-04-01,2582,30250,6,1
2021-04-01,2577,29963.33,128,16
2021-04-01,1774,25611,31,4
2021-04-01,3276,21341.08,22,11
2021-04-01,2499,18680.72,106,35
2021-04-01,2176,10000,4,1
2021-04-01,3260,9612.19,63,25
2021-04-01,2881,9262.92,3,1
2021-04-01,2259,1813.63,11,5
2021-04-01,2699,1500,16,3
2021-04-01,3248,1123.96,5,5
2021-04-01,324,999.7,12,3
2021-04-01,1897,575.73,20,3
2021-04-01,148,250,3,1
2021-04-01,2818,250,3,1
2021-04-01,1748,44,3,1
2021-05-01,1881,2010000,97,1
2021-05-01,84,1751352.54,518,15
2021-05-01,3269,1048044.7,625,31
2021-05-01,1277,738724.32,168,4
2021-05-01,2981,704500,129,9
2021-05-01,1542,657490,309,8
2021-05-01,1512,523635.49,245,4
2021-05-01,471,507259.02,178,15
2021-05-01,2982,497554.3,90,19
2021-05-01,2325,463435.33,6,1
2021-05-01,1118,384066.46,426,68
2021-05-01,3039,366719.19,52,5
2021-05-01,3113,330000,24,1
2021-05-01,2577,304592.67,237,22
2021-05-01,3101,184375.83,175,5
2021-05-01,324,180290.75,62,6
2021-05-01,2699,140500,32,2
2021-05-01,1773,83500,116,7
2021-05-01,1325,78000,32,1
2021-05-01,3276,75371.92,60,18
2021-05-01,1774,50121,92,11
2021-05-01,2499,16546.41,104,23
2021-05-01,2083,13050.4,30,8
2021-05-01,2881,9103.92,3,1
2021-05-01,1188,8500,4,1
2021-05-01,3260,4379.27,37,7
2021-05-01,940,4000,4,1
2021-05-01,1967,1700,20,2
2021-05-01,2259,1275.85,11,4
2021-05-01,1897,971.18,25,5
2021-05-01,3248,519.24,11,5
2021-05-01,2594,512.11,3,1
2021-05-01,3796,403.49,18,3
2021-06-01,1277,2942872,126,2
2021-06-01,2577,2647928.35,337,15
2021-06-01,1118,1168284.38,379,79
2021-06-01,2982,1115450,260,23
2021-06-01,84,1114244.41,212,7
2021-06-01,3039,885429.5,145,11
2021-06-01,2981,711000,143,12
2021-06-01,1542,496900,191,5
2021-06-01,2612,468840,34,1
2021-06-01,3269,256067.79,578,33
2021-06-01,471,250000,144,1
2021-06-01,2757,250000,8,1
2021-06-01,3101,235007.32,238,6
2021-06-01,1512,150000,67,1
2021-06-01,1773,83500,107,7
2021-06-01,3104,81200,96,4
2021-06-01,1325,78000,32,1
2021-06-01,2083,76555,33,3
2021-06-01,3276,41026.1,21,14
2021-06-01,940,30000,32,1
2021-06-01,2582,29583,9,2
2021-06-01,1774,20470,36,7
2021-06-01,2499,20050.2,106,20
2021-06-01,324,9918.65,31,5
2021-06-01,2881,9015.06,3,1
2021-06-01,3260,3180.14,40,10
2021-06-01,2417,2250,15,1
2021-06-01,2699,2000,20,4
2021-06-01,2259,1416,12,3
2021-06-01,1897,864.69,21,5
2021-06-01,2775,453.72,3,1
2021-06-01,3248,397.94,8,5
2021-06-01,3032,288,3,1
2021-06-01,3796,277.34,3,1
2021-06-01,1188,250,3,1
2021-06-01,3191,110.17,4,1
2021-07-01,3039,815022,77,3
2021-07-01,1277,500000,49,1
2021-07-01,2982,472939.95,272,24
2021-07-01,3269,348638.33,691,38
2021-07-01,1118,311639.99,277,53
2021-07-01,1542,308400,136,3
2021-07-01,3374,240000,24,6
2021-07-01,1773,218500,153,10
2021-07-01,1881,179775.06,66,1
2021-07-01,2981,168000,104,11
2021-07-01,84,103420.52,50,3
2021-07-01,1325,78000,32,1
2021-07-01,2577,61398.54,90,10
2021-07-01,3276,57978.76,22,11
2021-07-01,948,56925,53,2
2021-07-01,3796,54998.73,21,2
2021-07-01,1774,50310,43,5
2021-07-01,2582,29250,6,1
2021-07-01,2083,25586.84,67,8
2021-07-01,3260,23175.65,42,17
2021-07-01,471,20000,32,2
2021-07-01,2499,16976.98,100,20
2021-07-01,3101,15002.99,43,2
2021-07-01,2879,10000,8,1
2021-07-01,324,9761,34,4
2021-07-01,2881,9045.74,3,1
2021-07-01,1188,5695,10,5
2021-07-01,2594,3210,23,1
2021-07-01,2699,1500,16,3
2021-07-01,2259,1081.74,10,4
2021-07-01,2775,1000,8,1
2021-07-01,2818,1000,8,1
2021-07-01,3248,45.15,3,2
2021-08-01,1277,7748213.11,66,2
2021-08-01,2981,3000000,37,2
2021-08-01,84,742189.66,292,10
2021-08-01,2982,723300,252,15
2021-08-01,3269,664559.62,805,33
2021-08-01,471,390586.84,193,10
2021-08-01,3101,305320.3,310,12
2021-08-01,1542,225000,34,1
2021-08-01,2499,195895.99,148,22
2021-08-01,1118,163026.19,498,67
2021-08-01,3796,150000,24,1
2021-08-01,2699,141500,29,4
2021-08-01,1188,83544.32,79,14
2021-08-01,1773,83500,119,7
2021-08-01,3104,82900,92,5
2021-08-01,1325,78000,32,1
2021-08-01,1774,75400,119,14
2021-08-01,2577,68963.27,128,22
2021-08-01,1638,48500,64,8
2021-08-01,2879,47540.08,30,3
2021-08-01,3276,46004.03,44,17
2021-08-01,2775,21420,27,4
2021-08-01,2083,19367.8,20,7
2021-08-01,1512,9954.6,20,1
2021-08-01,324,9414.05,27,4
2021-08-01,2881,9105.61,3,1
2021-08-01,948,4744,20,1
2021-08-01,3260,2006.74,21,9
2021-08-01,3039,1000,4,1
2021-08-01,3191,785.85,8,1
2021-08-01,2201,210,3,1
2021-08-01,2647,210,3,1
2021-08-01,2259,194.25,3,1
2021-08-01,1748,25,3,1
2021-09-01,1542,3293400,196,4
2021-09-01,3142,1080000,60,1
2021-09-01,3269,829502.93,480,19
2021-09-01,2982,753480.87,254,25
2021-09-01,3101,725057.71,434,13
2021-09-01,84,659186.6,289,8
2021-09-01,1881,413636.21,127,3
2021-09-01,2879,335092.01,52,4
2021-09-01,471,258000,48,12
2021-09-01,3104,200000,16,1
2021-09-01,1118,158871.39,280,55
2021-09-01,3456,150000,16,1
2021-09-01,1773,83500,115,7
2021-09-01,1774,60450,133,8
2021-09-01,2582,44410,48,6
2021-09-01,1632,43600,16,1
2021-09-01,1325,30898.4,3,1
2021-09-01,3276,30354.48,21,12
2021-09-01,2499,25281.99,75,15
2021-09-01,1512,10000,15,1
2021-09-01,324,9977.2,30,4
2021-09-01,2881,9029.66,3,1
2021-09-01,3260,7919.68,53,18
2021-09-01,2577,7172.57,34,8
2021-09-01,1188,4000,16,2
2021-09-01,2259,960,3,1
2021-09-01,2083,700,15,5
2021-09-01,2699,500,8,1
2021-09-01,3796,274.98,3,1
2021-09-01,2837,260,3,1
2021-09-01,810,206.28,3,1
2021-09-01,2818,170,3,1
2021-09-01,3296,73,1,1
2021-10-01,84,40138651.26,217,5
2021-10-01,2757,1050000,16,1
2021-10-01,1881,704362.47,305,6
2021-10-01,1512,630981.72,358,6
2021-10-01,1118,575376.77,422,49
2021-10-01,2982,555900,266,19
2021-10-01,2612,548440,48,2
2021-10-01,1542,488400,270,6
2021-10-01,1277,477099.46,138,4
2021-10-01,3269,363088.04,596,38
2021-10-01,3101,342744.95,186,4
2021-10-01,471,319336,196,5
2021-10-01,2879,250000,20,1
2021-10-01,2577,158212.77,153,18
2021-10-01,1773,83500,115,7
2021-10-01,1774,82390,190,20
2021-10-01,2582,68787.1,163,6
2021-10-01,3036,50000,36,1
2021-10-01,2499,49949.12,122,21
2021-10-01,3276,33291,41,14
2021-10-01,2083,27991.05,69,10
2021-10-01,1897,21099.96,31,4
2021-10-01,1188,10645.59,29,7
2021-10-01,324,10014.05,29,5
2021-10-01,3058,10000,8,1
2021-10-01,2881,8774.18,3,1
2021-10-01,3260,5144.73,40,14
2021-10-01,3465,2004.59,8,1
2021-10-01,2699,2000,16,4
2021-10-01,810,601.37,4,1
2021-10-01,2259,601.37,4,1
2021-10-01,3796,500,3,1
2021-10-01,3445,424.3,2,2
2021-10-01,3296,200,4,2
2021-11-01,1773,1135000,100,4
2021-11-01,2982,645000,121,11
2021-11-01,1118,635968.24,531,46
2021-11-01,3331,620500,124,15
2021-11-01,1881,600000,187,2
2021-11-01,3101,553596.69,102,3
2021-11-01,3269,355956.14,664,41
2021-11-01,84,308192.31,325,12
2021-11-01,471,251375.04,162,2
2021-11-01,3456,250000,16,1
2021-11-01,1774,245180,175,11
2021-11-01,3387,180339.76,68,12
2021-11-01,3276,172131.15,38,14
2021-11-01,2577,165089.94,145,22
2021-11-01,1277,132487.4,60,1
2021-11-01,1542,129028,84,3
2021-11-01,1512,116000,155,2
2021-11-01,3478,70000,29,1
2021-11-01,2083,66760,37,5
2021-11-01,2582,60295,40,4
2021-11-01,2499,55711.09,83,13
2021-11-01,3296,33785.95,69,26
2021-11-01,1188,25814,15,4
2021-11-01,3796,20000,16,1
2021-11-01,324,11332.05,27,5
2021-11-01,3411,11000,8,8
2021-11-01,3058,9400,7,1
2021-11-01,948,4500,21,1
2021-11-01,2699,4000,20,3
2021-11-01,3260,3704.61,40,12
2021-11-01,2417,3250,15,1
2021-11-01,2594,286.07,3,1
2021-11-01,3445,140.4,4,2
2021-11-01,3345,90,3,3
2021-11-01,1748,10,1,1
2021-12-01,1277,4501889.84,268,4
2021-12-01,1602,2293296.2,8,1
2021-12-01,2612,2000000,133,2
2021-12-01,3269,1081816.09,295,13
2021-12-01,1325,1020000,32,1
2021-12-01,1512,843047.96,143,5
2021-12-01,3383,750000,22,1
2021-12-01,2577,718980.04,348,21
2021-12-01,471,500000,8,1
2021-12-01,2757,450000,16,1
2021-12-01,84,443741.05,181,6
2021-12-01,3411,440000,165,3
2021-12-01,2982,408135,67,10
2021-12-01,1118,399954.92,297,38
2021-12-01,1773,100000,49,1
2021-12-01,2499,96613.71,85,10
2021-12-01,1542,88288,117,3
2021-12-01,1188,55640,62,7
2021-12-01,3039,55209.9,27,1
2021-12-01,3296,50329.25,158,32
2021-12-01,3387,46346.2,20,2
2021-12-01,3101,45572.35,15,1
2021-12-01,324,31199.09,34,7
2021-12-01,3260,26803.7,45,13
2021-12-01,1881,25435.78,57,1
2021-12-01,3331,22000,44,9
2021-12-01,3276,16927.4,11,8
2021-12-01,2879,16790.27,56,2
2021-12-01,2083,14103.18,38,7
2021-12-01,3478,10000,7,1
2021-12-01,3796,3572.57,22,3
2021-12-01,2775,2510,8,1
2021-12-01,3345,660,12,6
2021-12-01,2582,400,6,1
2021-12-01,2594,400,3,1
2021-12-01,1748,251,3,1
2022-01-01,84,2005000,483,17
2022-01-01,3478,1350700,38,2
2022-01-01,2577,1083659.66,362,12
2022-01-01,1277,579526.4,56,2
2022-01-01,1118,533517.97,439,45
2022-01-01,3101,355495,60,2
2022-01-01,3456,250000,16,1
2022-01-01,2982,177706,81,16
2022-01-01,1881,101224.94,36,1
2022-01-01,3269,81379.11,135,9
2022-01-01,3296,67872.5,105,21
2022-01-01,2083,60640.69,57,6
2022-01-01,1774,50200,100,7
2022-01-01,3331,46000,56,9
2022-01-01,948,45641,48,1
2022-01-01,3345,45200,18,2
2022-01-01,1325,29541.2,3,1
2022-01-01,3276,21035,19,4
2022-01-01,2499,20675.94,64,11
2022-01-01,2582,17006,86,1
2022-01-01,1188,16200,16,3
2022-01-01,3260,7065.02,51,10
2022-01-01,2879,6687.64,32,1
2022-01-01,2699,1500,12,3
2022-01-01,3796,631.91,6,1
2022-01-01,324,510,17,1
2022-01-01,3383,339,3,1
2022-02-01,3456,1000000,14,1
2022-02-01,84,801000,217,9
2022-02-01,1118,558797.99,529,54
2022-02-01,471,321700,229,4
2022-02-01,3269,241644.48,524,17
2022-02-01,2982,215463.8,82,16
2022-02-01,3411,153550,76,4
2022-02-01,3387,150000,48,10
2022-02-01,3331,114500,80,9
2022-02-01,1774,100300,102,10
2022-02-01,1881,49523.22,30,2
2022-02-01,2577,46257.62,51,6
2022-02-01,3101,40000,58,7
2022-02-01,2499,28964.05,67,14
2022-02-01,2879,25675,22,2
2022-02-01,3276,24439,16,3
2022-02-01,3383,11400,6,1
2022-02-01,2083,10035.4,24,2
2022-02-01,948,8594,35,2
2022-02-01,3296,6078.16,52,21
2022-02-01,3260,4033.66,46,18
2022-02-01,1188,3745.6,11,4
2022-02-01,2699,3500,12,2
2022-02-01,2775,930,4,1
2022-02-01,2259,840,3,1
2022-02-01,3465,650,3,1
2022-03-01,3269,1015947.05,813,28
2022-03-01,3331,616000,115,11
2022-03-01,2577,555245.69,347,13
2022-03-01,1118,540403.19,526,69
2022-03-01,1881,538695.97,138,3
2022-03-01,3481,500000,4,2
2022-03-01,84,492309.4,342,10
2022-03-01,2757,450000,14,1
2022-03-01,471,430901.21,243,12
2022-03-01,3411,207600,57,8
2022-03-01,2982,199700,74,12
2022-03-01,3387,107905.55,19,3
2022-03-01,3296,102547.34,49,14
2022-03-01,1773,98000,145,5
2022-03-01,3101,59881.03,113,3
2022-03-01,1774,55260,68,9
2022-03-01,2879,53739.64,67,3
2022-03-01,1325,50000,16,1
2022-03-01,2499,36372.08,64,13
2022-03-01,324,25505.5,37,10
2022-03-01,1277,25498.9,37,1
2022-03-01,3276,18852.5,12,7
2022-03-01,3260,12852.43,62,21
2022-03-01,1188,10785.6,7,3
2022-03-01,1542,9125,27,2
2022-03-01,2083,7506,2,1
2022-03-01,3796,2915.28,11,3
2022-03-01,2699,1500,8,3
2022-03-01,2582,318,16,2
2022-04-01,84,1466720.59,483,15
2022-04-01,3101,933600,340,8
2022-04-01,3269,756496.25,250,14
2022-04-01,1881,605988.44,269,5
2022-04-01,1277,507007.8,93,3
2022-04-01,3331,500000,32,1
2022-04-01,1512,424569.34,227,4
2022-04-01,2982,353180,91,13
2022-04-01,2879,327497.24,60,5
2022-04-01,3387,269224.97,83,13
2022-04-01,3481,250000,40,1
2022-04-01,1118,208239.48,421,55
2022-04-01,1542,166629.66,122,4
2022-04-01,1773,131000,165,7
2022-04-01,2083,107171.68,64,7
2022-04-01,2577,92670.03,139,12
2022-04-01,3411,75000,24,1
2022-04-01,1774,66900,122,14
2022-04-01,2582,29580,10,1
2022-04-01,3260,21435.04,46,16
2022-04-01,2499,17285.79,62,11
2022-04-01,3276,17014,23,11
2022-04-01,2259,15869.72,11,2
2022-04-01,324,12599.75,20,2
2022-04-01,2881,9347.47,9,3
2022-04-01,1188,5433.13,6,2
2022-04-01,3394,5000,7,1
2022-04-01,471,4417.46,16,2
2022-04-01,3383,4200,6,1
2022-04-01,2699,3500,12,2
2022-04-01,3296,2112,32,10
2022-04-01,2818,1756.2,8,1
2022-04-01,810,786.3,8,1
2022-04-01,2201,235.88,3,1
2022-04-01,3465,235.88,3,1
2022-04-01,1748,100,3,1
2022-05-01,1277,11849503.32,292,80
2022-05-01,3101,9904198.68,306,93
2022-05-01,1881,1820000,76,1
2022-05-01,2577,1017405.22,161,4
2022-05-01,1118,940757.94,603,81
2022-05-01,84,901378.2,290,10
2022-05-01,2325,620093.34,14,1
2022-05-01,2757,450000,8,1
2022-05-01,3331,426000,134,17
2022-05-01,3387,401893.7,75,7
2022-05-01,1512,376222.56,233,5
2022-05-01,3411,355200,71,1
2022-05-01,2879,291000,32,1
2022-05-01,3269,272994.84,505,20
2022-05-01,471,254200,238,4
2022-05-01,2982,147097.44,67,11
2022-05-01,3296,129329,114,20
2022-05-01,1773,95000,85,4
2022-05-01,1325,85000,24,3
2022-05-01,1774,77600,95,8
2022-05-01,2499,32941.93,50,8
2022-05-01,3260,32185.75,66,18
2022-05-01,2612,30262,0,1
2022-05-01,3276,26150.5,26,13
2022-05-01,1188,22028.87,22,5
2022-05-01,324,12599.75,20,2
2022-05-01,2881,7866.02,3,1
2022-05-01,2582,3500,60,3
2022-05-01,2259,3296.07,10,2
2022-05-01,2775,1530,8,1
2022-05-01,1967,1500,12,2
2022-05-01,3796,1402.22,8,2
2022-05-01,148,1336.58,8,1
2022-05-01,3886,1056.07,3,56
2022-05-01,2699,1000,8,2
2022-05-01,3445,1000,2,1
2022-06-01,3269,894501,649,23
2022-06-01,3331,636000,120,13
2022-06-01,1118,450299.44,489,59
2022-06-01,2612,420868,42,1
2022-06-01,1512,368474.52,112,3
2022-06-01,3778,330000,65,2
2022-06-01,3387,292260.69,80,10
2022-06-01,3481,250000,40,1
2022-06-01,1774,150500,50,8
2022-06-01,1773,135000,26,1
2022-06-01,84,98657.58,163,4
2022-06-01,1325,95000,36,4
2022-06-01,471,50949,20,3
2022-06-01,2582,30192,26,2
2022-06-01,2083,29972.34,62,2
2022-06-01,3276,28682.5,20,14
2022-06-01,2499,23021.61,53,10
2022-06-01,324,12905.75,25,3
2022-06-01,1188,12323.6,18,5
2022-06-01,2982,11964.8,17,3
2022-06-01,3296,11622,46,12
2022-06-01,2577,10050.01,18,2
2022-06-01,1542,10000,43,2
2022-06-01,3260,8255.66,43,14
2022-06-01,2881,8134.39,6,2
2022-06-01,3104,6000,12,1
2022-06-01,2259,1990,8,1
2022-06-01,810,1980,11,2
2022-06-01,3465,1960,12,2
2022-06-01,2699,1000,8,2
2022-06-01,2775,980,8,1
2022-06-01,3796,738,3,1
2022-06-01,2201,700,8,1
2022-06-01,3411,205,3,1
2022-06-01,2594,179.81,3,1
2022-07-01,84,6110050,490,20
2022-07-01,1118,2343880.83,315,33
2022-07-01,2577,2093861.74,236,9
2022-07-01,3101,2000290.34,142,2
2022-07-01,1277,1753945.02,98,2
2022-07-01,3387,1723565.92,204,7
2022-07-01,3778,1100000,158,3
2022-07-01,3269,929042.37,540,22
2022-07-01,3331,530000,36,4
2022-07-01,471,270000,155,2
2022-07-01,1881,218274.73,40,2
2022-07-01,1773,153000,153,6
2022-07-01,3411,150000,14,2
2022-07-01,324,133874,49,3
2022-07-01,1325,110425.03,67,7
2022-07-01,1774,100560,147,13
2022-07-01,3796,67163.16,17,4
2022-07-01,3276,50672.3,26,17
2022-07-01,2582,44370,15,2
2022-07-01,2499,38323.38,62,10
2022-07-01,3260,33587.04,83,16
2022-07-01,2083,31649.56,53,5
2022-07-01,3296,29719,56,23
2022-07-01,1188,29036,20,7
2022-07-01,3478,20000,18,2
2022-07-01,948,16184,31,2
2022-07-01,2259,16020.31,8,1
2022-07-01,2879,12971.03,38,2
2022-07-01,1512,10000,19,1
2022-07-01,2881,8080.61,6,2
2022-07-01,2982,7000,8,3
2022-07-01,3654,1000,4,1
2022-08-01,3331,2810000,68,3
2022-08-01,1118,2158141.51,414,26
2022-08-01,3481,1650000,81,3
2022-08-01,84,1278151.53,363,12
2022-08-01,1277,438150,40,1
2022-08-01,471,400415.74,127,3
2022-08-01,3269,296631.98,241,10
2022-08-01,3478,272189.43,63,2
2022-08-01,3778,180000,142,4
2022-08-01,2612,164758,71,3
2022-08-01,1773,158000,149,6
2022-08-01,3796,156550,40,2
2022-08-01,3411,125000,48,1
2022-08-01,3845,120000,87,6
2022-08-01,3374,80000,24,4
2022-08-01,2879,78031.03,57,4
2022-08-01,2325,74087.04,7,1
2022-08-01,2577,60493.59,86,12
2022-08-01,948,60125,48,1
2022-08-01,3101,53192.59,45,2
2022-08-01,1774,52300,85,10
2022-08-01,3260,31046.91,55,14
2022-08-01,1188,30751.56,15,3
2022-08-01,3276,30324.9,29,20
2022-08-01,2083,26141,16,4
2022-08-01,2982,20000,6,1
2022-08-01,2582,14850,20,2
2022-08-01,2259,13444.26,14,2
2022-08-01,324,12641,20,2
2022-08-01,3296,10837,43,11
2022-08-01,2499,8596.21,15,3
2022-08-01,2881,7991.84,6,2
2022-08-01,2594,6231,24,1
2022-08-01,1542,5280.16,18,1
2022-08-01,2775,4640,8,1
2022-08-01,3465,4110,8,1
2022-08-01,3387,2421.74,4,1
2022-08-01,3394,2000,8,4
2022-08-01,3654,1644.27,8,1
2022-08-01,1512,653.87,8,1
2022-08-01,1748,100,3,1
2022-09-01,1277,2775888.02,188,4
2022-09-01,3269,1031162.71,200,8
2022-09-01,1325,930000,16,1
2022-09-01,3778,653750,298,7
2022-09-01,2982,600000,118,4
2022-09-01,3411,430600,94,3
2022-09-01,1881,378606.83,106,3
2022-09-01,2757,200000,32,1
2022-09-01,3101,181938.24,105,4
2022-09-01,3744,180000,16,1
2022-09-01,1773,158000,150,6
2022-09-01,1118,117892.09,190,19
2022-09-01,1774,104950,140,11
2022-09-01,2577,79683.43,144,25
2022-09-01,2612,56568,50,3
2022-09-01,84,49349.96,99,4
2022-09-01,2582,30160,10,1
2022-09-01,3276,25645,17,16
2022-09-01,2499,22747.26,40,7
2022-09-01,3796,19643.86,16,1
2022-09-01,1188,18058.46,24,6
2022-09-01,324,12668.5,20,2
2022-09-01,3296,12546.82,53,16
2022-09-01,3260,10662.45,108,21
2022-09-01,1542,10000,30,1
2022-09-01,3394,8000,12,1
2022-09-01,2881,7670.52,6,2
2022-09-01,3654,7080.8,25,4
2022-09-01,2879,7021,24,1
2022-09-01,2083,5617.81,36,2
2022-09-01,1512,5100,29,1
2022-09-01,2259,4319.76,25,4
2022-09-01,3465,2602.18,18,3
2022-09-01,810,2530,11,2
2022-09-01,207,1320,8,1
2022-09-01,2201,860,8,1
2022-09-01,2775,353.66,8,2
2022-09-01,2818,280,3,1
2022-10-01,84,19138016.32,324,9
2022-10-01,1277,1357859.89,382,8
2022-10-01,3411,1000000,64,1
2022-10-01,1118,732133.26,487,37
2022-10-01,1512,701266.62,508,13
2022-10-01,1881,698399.96,408,6
2022-10-01,2757,500000,32,1
2022-10-01,2577,359566.03,173,19
2022-10-01,2612,358800,38,1
2022-10-01,471,306541.2,126,5
2022-10-01,3296,305879.47,56,13
2022-10-01,3269,274395.19,485,23
2022-10-01,2982,155000,39,3
2022-10-01,1773,138000,144,6
2022-10-01,3778,104903,68,3
2022-10-01,2083,91587.44,70,5
2022-10-01,2582,91223.2,121,5
2022-10-01,2499,62113.32,49,5
2022-10-01,1188,50112.98,31,12
2022-10-01,3101,49308.29,59,3
2022-10-01,3276,44773,35,18
2022-10-01,3845,24526,13,5
2022-10-01,324,12668.5,20,2
2022-10-01,948,11000,40,1
2022-10-01,3699,10500,10,2
2022-10-01,3394,10000,12,5
2022-10-01,2879,7643.27,32,1
2022-10-01,2881,7457.35,6,2
2022-10-01,2259,6004.83,24,3
2022-10-01,3260,3032.79,53,23
2022-10-01,3796,1485,2,1
2022-10-01,3654,1328.4,7,2
2022-10-01,2775,550,4,1
2022-10-01,3465,140,2,1
2022-11-01,3778,2625552,223,6
2022-11-01,1881,1787099.48,75,2
2022-11-01,1773,1000000,54,1
2022-11-01,3269,843350.98,386,20
2022-11-01,2879,712074,42,2
2022-11-01,1118,604506.61,566,54
2022-11-01,1774,500200,170,4
2022-11-01,3744,260000,16,1
2022-11-01,84,245809.94,179,5
2022-11-01,2577,154702.21,106,13
2022-11-01,2083,140648.91,59,3
2022-11-01,3625,131788.78,62,12
2022-11-01,1512,103579.67,130,2
2022-11-01,324,67343.5,25,4
2022-11-01,3478,62241.09,37,3
2022-11-01,3624,61500,24,2
2022-11-01,1188,60069.47,53,12
2022-11-01,2499,46362.62,28,3
2022-11-01,3276,23148,24,13
2022-11-01,1325,20000,16,2
2022-11-01,3296,10816.36,61,10
2022-11-01,3101,10000,10,1
2022-11-01,2259,8373.13,24,3
2022-11-01,3036,6000,0,1
2022-11-01,3260,5841.72,47,18
2022-11-01,3654,2639.84,7,2
2022-11-01,3465,1139.84,3,1
2022-12-01,1277,11000000,154,2
2022-12-01,2612,1700000,91,1
2022-12-01,3478,1123000,57,1
2022-12-01,2577,807526.16,570,37
2022-12-01,3778,804912,325,10
2022-12-01,3674,750000,22,1
2022-12-01,3624,501500,40,2
2022-12-01,471,500000,16,1
2022-12-01,1118,372831.28,202,25
2022-12-01,84,367745,271,10
2022-12-01,3269,351383.98,544,24
2022-12-01,3104,200000,16,1
2022-12-01,1512,134406,91,6
2022-12-01,3101,131499.5,136,4
2022-12-01,1188,78404.66,59,10
2022-12-01,1325,65792.2,31,4
2022-12-01,1773,50000,27,1
2022-12-01,3296,40959.63,50,8
2022-12-01,2083,35530.2,12,2
2022-12-01,3276,29537.63,23,14
2022-12-01,324,26447,20,2
2022-12-01,3374,25000,3,1
2022-12-01,3654,14902.17,8,1
2022-12-01,3260,10624.83,62,16
2022-12-01,2582,6402.5,19,2
2022-12-01,3677,5000,1,1
2022-12-01,2259,4306.6,9,3
2022-12-01,3796,2150,25,2
2022-12-01,1774,2016.74,14,2
2022-12-01,3699,84.8,3,1
2023-01-01,84,1187750,416,13
2023-01-01,1512,805000,89,1
2023-01-01,3677,451120.04,102,14
2023-01-01,3101,444750,36,1
2023-01-01,3744,260000,16,1
2023-01-01,1118,205519.93,257,28
2023-01-01,2083,124566.46,73,31
2023-01-01,3269,88610,121,6
2023-01-01,2577,80760.4,163,21
2023-01-01,3411,50000,32,2
2023-01-01,2499,36956.21,34,5
2023-01-01,3276,32881,12,10
2023-01-01,1188,16800,10,2
2023-01-01,3625,8600,9,3
2023-01-01,3624,4500,9,3
2023-01-01,3296,3658.2,50,11
2023-01-01,3260,3635.4,40,17
2023-01-01,1325,2850,11,3
2023-01-01,1774,560,20,5
2023-01-01,3674,324,3,1
2023-02-01,2577,1200000,101,2
2023-02-01,3744,1000000,14,1
2023-02-01,84,876100,394,13
2023-02-01,1118,675292.91,340,27
2023-02-01,3624,501500,41,2
2023-02-01,1881,300000,96,1
2023-02-01,3677,298000,82,11
2023-02-01,3411,252000,64,2
2023-02-01,2757,200000,27,1
2023-02-01,1773,143000,105,8
2023-02-01,2083,115451.41,37,22
2023-02-01,1188,102000,28,2
2023-02-01,3269,89510,149,8
2023-02-01,3778,67634,197,34
2023-02-01,1325,32850,21,5
2023-02-01,3276,27827.78,29,16
2023-02-01,3260,21678.97,73,22
2023-02-01,2499,14386.8,16,3
2023-02-01,1512,13707.5,23,1
2023-02-01,3768,4250,4,1
2023-02-01,3296,819.78,24,6
2023-02-01,3625,700,4,1
2023-02-01,2594,516.5,7,1
2023-02-01,3796,300,3,1
2023-02-01,1774,155,6,2
2023-03-01,3269,1148454.6,1278,35
2023-03-01,84,573806.19,269,9
2023-03-01,3624,500000,32,1
2023-03-01,3763,500000,4,2
2023-03-01,1118,442007.47,354,33
2023-03-01,3677,396251.1,129,15
2023-03-01,1773,203000,130,9
2023-03-01,2499,131127.55,45,6
2023-03-01,2083,115634.68,35,25
2023-03-01,1325,113815,45,5
2023-03-01,3654,100000,8,1
2023-03-01,3778,43000,191,6
2023-03-01,3260,40332.14,101,29
2023-03-01,2259,20000,8,1
2023-03-01,3276,17235.94,17,11
2023-03-01,3101,10000,26,1
2023-03-01,1188,9810,4,1
2023-03-01,3411,7000,32,4
2023-03-01,3851,2000,4,1
2023-03-01,3296,972.37,28,8
2023-03-01,810,610,8,1
2023-04-01,84,2780538.1,475,18
2023-04-01,3624,560000,40,7
2023-04-01,1277,445391.72,87,2
2023-04-01,1118,426200.78,285,29
2023-04-01,1512,393734.75,274,6
2023-04-01,3763,300000,39,2
2023-04-01,3677,289334.32,100,12
2023-04-01,3778,227050.12,246,5
2023-04-01,3269,207718.5,494,20
2023-04-01,1773,193000,112,9
2023-04-01,2083,180971.87,84,28
2023-04-01,1325,77100,58,5
2023-04-01,3296,76362.16,156,17
2023-04-01,2612,65317.5,28,1
2023-04-01,471,50000,16,1
2023-04-01,3276,28746.68,18,9
2023-04-01,3260,15296.6,127,35
2023-04-01,1188,15200,8,1
2023-04-01,2879,13902.26,16,1
2023-04-01,2499,5000,8,1
2023-04-01,3411,3500,24,3
2023-04-01,3796,1162.77,16,1
2023-04-01,810,470,4,1
2023-05-01,1277,3374162.6,247,3
2023-05-01,3269,849070.38,374,13
2023-05-01,1118,808702.51,396,33
2023-05-01,2879,763291.64,70,3
2023-05-01,3677,734309.02,276,28
2023-05-01,3763,625000,42,2
2023-05-01,84,594524.15,121,7
2023-05-01,2325,585103.5,54,1
2023-05-01,3624,500000,32,1
2023-05-01,1512,302680,205,4
2023-05-01,1881,296000,80,1
2023-05-01,1773,245000,48,2
2023-05-01,2757,200000,28,1
2023-05-01,2612,164174,26,1
2023-05-01,2577,125000,93,1
2023-05-01,3778,120200,75,2
2023-05-01,2083,82469.1,14,24
2023-05-01,1325,57000,32,1
2023-05-01,3768,50000,8,2
2023-05-01,2499,39711.01,36,4
2023-05-01,3296,37003.69,101,15
2023-05-01,1188,18700,19,2
2023-05-01,3260,13738.91,60,17
2023-05-01,3276,10408.17,12,4
2023-05-01,471,1200,14,1
2023-06-01,84,2804448.08,484,18
2023-06-01,3624,2380000,32,1
2023-06-01,3269,1874521.64,1059,31
2023-06-01,3778,1270000,261,4
2023-06-01,3677,991267.89,141,9
2023-06-01,1118,514082.07,447,34
2023-06-01,3101,344653.24,34,1
2023-06-01,1512,300000,65,1
2023-06-01,3763,250000,40,1
2023-06-01,1773,143000,108,8
2023-06-01,3411,125000,64,1
2023-06-01,1277,70140,22,1
2023-06-01,3260,58063.29,83,17
2023-06-01,1325,57000,32,1
2023-06-01,3768,51000,4,1
2023-06-01,2083,47496.49,62,4
2023-06-01,3296,31393.72,39,6
2023-06-01,2499,25993.5,42,6
2023-06-01,4023,21522.89,27,7
2023-06-01,1188,14773.33,17,3
2023-06-01,3276,11080.1,11,3
2023-06-01,948,5000,30,1
2023-06-01,3851,2000,4,1
2023-06-01,3796,350,12,1
2023-06-01,810,250,3,1
2023-06-01,1760,54.5,2,1
